FID,District,County,Route,Direction,Accidents,Lanes,Access1,Limited,AccessNum,AccessType,RoadWidth,LaneWidth,InnerShoulderWidth,InnerShoulderTreatedWidth,OuterShoulderWidth,OuterShoulderTreatedWidth,DesignSpeedLimit,InnerMedianWidth,Terrain,Barrier,Surface
437,7,LA,118,E,2,1,2,1,2,mix,59,11.8,10,10,10,10,70,8,Flat,Concrete Barrier,Base & Surface
438,7,LA,118,E,5,1,2,1,1,buffer,59,11.8,4,4,10,10,70,8,Flat,Concrete Barrier,Concrete
439,7,LA,118,E,30,1,2,1,2,mix,59,11.8,4,4,10,10,70,8,Flat,Concrete Barrier,Concrete
440,7,LA,118,E,0,1,2,1,1,buffer,59,11.8,10,10,10,10,70,8,Flat,Concrete Barrier,Base & Surface
441,7,LA,118,E,0,1,2,1,1,buffer,58,11.6,3,3,10,10,70,6,Mountainous,Concrete Barrier,Bridge Deck
442,7,LA,118,E,0,1,2,1,1,buffer,59,11.8,10,10,10,10,70,8,Flat,Concrete Barrier,Base & Surface
443,7,LA,118,E,0,1,1,0,2,mix,59,11.8,3,3,10,10,70,8,Flat,Concrete Barrier,Base & Surface
444,7,LA,118,E,23,1,2,1,1,buffer,59,11.8,3,3,10,10,70,8,Flat,Concrete Barrier,Base & Surface
445,7,LA,118,E,0,1,2,1,1,buffer,59,11.8,10,10,10,10,70,8,Flat,Concrete Barrier,Base & Surface
446,7,LA,118,E,0,1,2,1,1,buffer,59,11.8,10,10,10,10,70,8,Flat,Concrete Barrier,Base & Surface
447,7,LA,118,E,15,1,2,1,1,buffer,71,11.8,4,4,10,10,70,8,Flat,Concrete Barrier,Concrete
448,7,LA,118,E,33,1,1,0,2,mix,59,11.8,10,10,10,10,70,8,Flat,Concrete Barrier,Base & Surface
449,7,LA,118,E,0,1,2,1,1,buffer,70,11.7,3,3,10,10,70,6,Rolling,Concrete Barrier,Concrete
450,7,LA,118,E,1,1,2,1,2,mix,59,11.8,3,3,10,10,70,8,Flat,Concrete Barrier,Base & Surface
451,7,LA,118,E,2,1,2,1,2,mix,59,11.8,4,4,10,10,70,8,Flat,Concrete Barrier,Concrete
452,7,LA,118,E,0,1,2,1,1,buffer,58,11.6,3,3,10,10,70,6,Mountainous,Concrete Barrier,Bridge Deck
453,7,LA,118,E,0,1,2,1,1,buffer,70,11.7,3,3,10,10,70,6,Rolling,Concrete Barrier,Concrete
454,7,LA,118,E,17,1,2,1,1,buffer,58,11.6,3,3,0,0,70,6,Rolling,Concrete Barrier,Concrete
455,7,LA,118,E,19,1,2,1,2,mix,83,11.9,4,4,10,10,70,8,Flat,Concrete Barrier,Concrete
456,7,LA,118,E,0,1,2,1,1,buffer,71,11.8,4,4,10,10,70,8,Flat,Concrete Barrier,Concrete
457,7,LA,118,E,17,1,2,1,1,buffer,71,11.8,4,4,10,10,70,8,Flat,Concrete Barrier,Concrete
458,7,LA,118,E,30,1,2,1,4,mix,59,11.8,4,4,10,10,70,8,Flat,Concrete Barrier,Concrete
459,7,LA,118,E,1,1,2,1,1,buffer,59,11.8,10,10,10,10,70,8,Flat,Concrete Barrier,Base & Surface
460,7,LA,118,E,18,1,2,1,1,buffer,59,11.8,4,4,10,10,70,20,Flat,Concrete Barrier,Base & Surface
461,7,LA,118,W,2,1,2,1,1,buffer,71,11.8,4,4,10,10,70,8,Flat,Concrete Barrier,Bridge Deck
462,7,LA,118,W,0,1,2,1,1,buffer,58,11.6,4,4,10,10,70,20,Flat,Concrete Barrier,Base & Surface
463,7,LA,118,W,0,1,2,1,1,buffer,59,11.8,4,4,10,10,70,8,Flat,Concrete Barrier,Base & Surface
464,7,LA,118,W,0,1,2,1,1,buffer,58,11.6,3,3,10,10,70,6,Mountainous,Concrete Barrier,Concrete
465,7,LA,118,W,13,1,1,0,1,continuous,58,11.6,3,3,10,10,70,8,Flat,Concrete Barrier,Base & Surface
466,7,LA,118,W,0,1,1,0,2,mix,71,10.1,4,4,10,10,70,8,Flat,Concrete Barrier,Concrete
467,7,LA,118,W,6,1,2,1,1,buffer,59,11.8,4,4,9,9,70,8,Flat,Concrete Barrier,Concrete
468,7,LA,118,W,32,1,2,1,4,mix,59,11.8,4,4,10,10,70,8,Flat,Concrete Barrier,Bridge Deck
469,7,LA,118,W,0,1,2,1,1,buffer,58,11.6,3,3,8,8,70,6,Mountainous,Concrete Barrier,Concrete
470,7,LA,118,W,0,1,1,0,2,mix,59,11.8,4,4,10,10,70,8,Flat,Concrete Barrier,Base & Surface
471,7,LA,118,W,1,1,2,1,1,buffer,71,11.8,4,4,10,10,70,8,Flat,Concrete Barrier,Base & Surface
472,7,LA,118,W,0,1,2,1,1,buffer,71,11.8,4,4,10,10,70,8,Flat,Concrete Barrier,Base & Surface
473,7,LA,118,W,1,1,2,1,1,buffer,71,11.8,4,4,10,10,70,8,Flat,Concrete Barrier,Base & Surface
474,7,LA,118,W,0,1,2,1,1,buffer,71,11.8,4,4,10,10,70,8,Flat,Concrete Barrier,Base & Surface
475,7,LA,118,W,0,1,2,1,1,buffer,58,11.6,3,3,8,8,70,6,Mountainous,Concrete Barrier,Concrete
476,7,LA,118,W,1,1,2,1,1,buffer,58,11.6,3,3,0,0,70,6,Rolling,Concrete Barrier,Concrete
477,7,LA,118,W,2,1,2,1,2,mix,58,11.6,3,3,10,10,70,8,Flat,Concrete Barrier,Base & Surface
478,7,LA,118,W,0,1,2,1,1,buffer,71,11.8,4,4,10,10,70,8,Flat,Concrete Barrier,Base & Surface
479,7,LA,118,W,4,1,2,1,2,mix,48,12,3,3,10,10,70,18,Mountainous,Concrete Barrier,Concrete
480,7,LA,118,W,2,1,1,0,2,mix,58,11.6,10,10,10,10,70,8,Flat,Concrete Barrier,Base & Surface
481,7,LA,118,W,8,1,2,1,1,buffer,58,11.6,4,4,10,10,70,20,Flat,Concrete Barrier,Base & Surface
482,7,LA,118,W,25,1,2,1,2,mix,59,11.8,4,4,10,10,70,8,Flat,Concrete Barrier,Base & Surface
483,7,LA,118,W,38,1,2,1,1,buffer,58,11.6,3,3,10,10,70,6,Mountainous,Concrete Barrier,Concrete
484,7,LA,118,W,30,1,2,1,2,mix,59,11.8,4,4,10,10,70,8,Flat,Concrete Barrier,Base & Surface
485,7,LA,118,W,0,1,2,1,1,buffer,58,11.6,3,3,8,8,70,6,Mountainous,Concrete Barrier,Concrete
486,7,LA,118,W,1,1,1,0,2,mix,71,11.8,4,4,10,10,70,8,Flat,Concrete Barrier,Base & Surface
487,7,LA,118,W,3,1,2,1,1,buffer,71,11.8,4,4,10,10,70,8,Flat,Concrete Barrier,Bridge Deck
488,7,LA,118,W,34,1,2,1,2,mix,58,11.6,10,10,10,10,70,8,Flat,Concrete Barrier,Base & Surface
489,7,LA,118,W,0,1,2,1,1,buffer,59,11.8,4,4,9,9,70,8,Flat,Concrete Barrier,Concrete
490,7,LA,118,W,0,1,2,1,2,mix,58,11.6,3,3,0,0,70,6,Rolling,Concrete Barrier,Concrete
491,7,LA,118,W,0,1,2,1,1,buffer,71,11.8,4,4,10,10,70,8,Flat,Concrete Barrier,Base & Surface
492,7,LA,118,W,26,1,2,1,2,mix,59,11.8,4,4,10,10,70,8,Flat,Concrete Barrier,Bridge Deck
493,7,LA,118,W,0,1,2,1,1,buffer,58,11.6,3,3,10,10,70,8,Flat,Concrete Barrier,Base & Surface
494,7,LA,118,W,25,1,2,1,1,buffer,71,11.8,4,4,10,10,70,8,Flat,Concrete Barrier,Bridge Deck
495,7,LA,118,W,0,1,2,1,1,buffer,58,11.6,3,3,8,8,70,6,Mountainous,Concrete Barrier,Concrete
496,7,LA,134,E,14,1,2,1,2,mix,57,11.4,2,2,10,10,70,6,Rolling,Concrete Barrier,Concrete
497,7,LA,134,E,77,1,1,0,2,mix,55,11,2,2,8,8,70,22,Flat,No Barriers,Bridge Deck
498,7,LA,134,E,0,1,2,1,1,buffer,68,11.3,2,2,8,8,70,6,Rolling,Concrete Barrier,Concrete
499,7,LA,134,E,0,1,2,1,1,buffer,68,11.3,2,2,8,8,70,6,Rolling,Concrete Barrier,Bridge Deck
500,7,LA,134,E,0,1,2,1,2,mix,56,11.2,3,3,10,10,70,8,Rolling,Concrete Barrier,Concrete
501,7,LA,134,E,49,1,1,0,2,mix,55,11,2,2,8,8,70,22,Flat,No Barriers,Bridge Deck
502,7,LA,134,E,0,1,2,1,1,buffer,56,11.2,3,3,10,10,70,22,Rolling,Concrete Barrier,Concrete
503,7,LA,134,E,0,1,2,1,1,buffer,55,11,2,2,8,8,70,22,Flat,No Barriers,Bridge Deck
504,7,LA,134,E,0,1,2,1,1,buffer,56,11.2,3,3,8,8,70,22,Rolling,Concrete Barrier,Concrete
505,7,LA,134,E,1,1,2,1,1,buffer,68,11.3,2,2,8,8,70,6,Rolling,Concrete Barrier,Bridge Deck
506,7,LA,134,E,0,1,1,0,2,mix,56,11.2,3,3,10,10,70,22,Rolling,Concrete Barrier,Concrete
507,7,LA,134,E,1,1,2,1,1,buffer,55,11,2,2,8,8,70,22,Flat,No Barriers,Bridge Deck
508,7,LA,134,E,0,1,2,1,1,buffer,55,11,2,2,8,8,70,22,Flat,No Barriers,Bridge Deck
509,7,LA,134,E,38,1,1,0,2,mix,55,11,2,2,8,8,70,22,Flat,No Barriers,Bridge Deck
510,7,LA,134,E,0,1,2,1,1,buffer,56,11.2,3,3,10,10,70,8,Rolling,Concrete Barrier,Concrete
511,7,LA,134,E,0,1,1,0,2,mix,56,11.2,3,3,8,8,70,22,Rolling,Concrete Barrier,Concrete
512,7,LA,134,E,10,1,2,1,1,buffer,56,11.2,3,3,10,10,70,8,Rolling,Concrete Barrier,Concrete
513,7,LA,134,E,55,1,2,1,1,buffer,55,11,2,2,8,8,70,22,Flat,No Barriers,Bridge Deck
514,7,LA,134,E,0,1,2,1,1,buffer,56,11.2,2,2,10,10,70,22,Rolling,Concrete Barrier,Concrete
515,7,LA,134,E,1,1,2,1,1,buffer,55,11,2,2,8,8,70,22,Flat,No Barriers,Bridge Deck
516,7,LA,134,E,1,1,2,1,1,buffer,55,11,2,2,8,8,70,22,Flat,No Barriers,Bridge Deck
517,7,LA,134,E,3,1,1,0,2,mix,56,11.2,3,3,10,10,70,8,Rolling,Concrete Barrier,Concrete
518,7,LA,134,E,14,1,2,1,2,mix,55,11,2,2,8,8,70,22,Flat,No Barriers,Bridge Deck
519,7,LA,134,E,2,1,2,1,2,mix,68,11.3,2,2,8,8,70,6,Rolling,Concrete Barrier,Concrete
520,7,LA,134,E,4,1,2,1,1,buffer,56,11.2,3,3,10,10,70,8,Rolling,Concrete Barrier,Concrete
521,7,LA,134,E,0,1,2,1,1,buffer,56,11.2,3,3,8,8,70,22,Rolling,Concrete Barrier,Concrete
522,7,LA,134,E,21,1,2,1,1,buffer,68,11.3,2,2,8,8,70,6,Rolling,Concrete Barrier,Concrete
523,7,LA,134,E,0,1,1,0,2,mix,57,11.4,2,2,10,10,70,6,Rolling,Concrete Barrier,Concrete
524,7,LA,134,E,1,1,2,1,1,buffer,56,11.2,3,3,10,10,70,8,Rolling,Concrete Barrier,Concrete
525,7,LA,134,E,14,1,2,1,1,buffer,55,11,2,2,8,8,70,22,Flat,No Barriers,Bridge Deck
526,7,LA,134,E,0,1,1,0,2,mix,57,11.4,2,2,10,10,70,6,Rolling,Concrete Barrier,Concrete
527,7,LA,134,E,5,1,2,1,2,mix,55,11,2,2,8,8,70,22,Flat,No Barriers,Bridge Deck
528,7,LA,134,E,10,1,2,1,1,buffer,56,11.2,3,3,10,10,70,8,Rolling,Concrete Barrier,Concrete
529,7,LA,134,E,1,1,2,1,1,buffer,55,11,2,2,8,8,70,22,Flat,No Barriers,Bridge Deck
530,7,LA,134,E,43,1,1,0,2,mix,56,11.2,2,2,10,10,70,22,Rolling,Concrete Barrier,Concrete
531,7,LA,134,E,2,1,2,1,2,mix,55,11,2,2,8,8,70,22,Flat,No Barriers,Bridge Deck
532,7,LA,134,E,41,1,2,1,1,buffer,56,11.2,3,3,10,10,70,8,Rolling,Concrete Barrier,Bridge Deck
533,7,LA,134,E,23,1,2,1,2,mix,57,11.4,2,2,10,10,70,6,Rolling,Concrete Barrier,Concrete
534,7,LA,134,E,5,1,2,1,1,buffer,56,11.2,2,2,8,8,70,22,Flat,Guardrail,Concrete
535,7,LA,134,W,0,1,2,1,1,buffer,56,11.2,3,3,10,10,70,8,Rolling,Concrete Barrier,Concrete
536,7,LA,134,W,0,1,2,1,1,buffer,56,11.2,3,3,10,10,70,8,Rolling,Concrete Barrier,Bridge Deck
537,7,LA,134,W,0,1,1,0,2,mix,36,12,8,8,10,10,70,22,Flat,No Barriers,Bridge Deck
538,7,LA,134,W,0,1,2,1,2,mix,56,11.2,2,2,8,8,70,6,Rolling,Concrete Barrier,Bridge Deck
539,7,LA,134,W,0,1,1,0,2,mix,56,11.2,3,3,10,10,70,22,Rolling,Concrete Barrier,Concrete
540,7,LA,134,W,4,1,2,1,1,buffer,56,11.2,3,3,0,0,70,8,Rolling,Concrete Barrier,Bridge Deck
541,7,LA,134,W,0,1,2,1,2,mix,36,12,8,8,10,10,70,22,Flat,No Barriers,Concrete
542,7,LA,134,W,25,1,2,1,1,buffer,57,11.4,2,2,10,10,70,6,Rolling,Concrete Barrier,Concrete
543,7,LA,134,W,0,1,2,1,1,buffer,56,11.2,3,3,0,0,70,22,Rolling,Bridge barrier,Bridge Deck
544,7,LA,134,W,0,1,2,1,1,buffer,36,12,8,8,10,10,70,22,Flat,No Barriers,Bridge Deck
545,7,LA,134,W,0,1,2,1,1,buffer,36,12,8,8,10,10,70,22,Flat,No Barriers,Concrete
546,7,LA,134,W,9,1,2,1,1,buffer,36,12,8,8,10,10,70,22,Flat,No Barriers,Bridge Deck
547,7,LA,134,W,27,1,2,1,2,mix,57,11.4,2,2,10,10,70,6,Rolling,Concrete Barrier,Concrete
548,7,LA,134,W,38,1,2,1,1,buffer,56,11.2,3,3,8,8,70,8,Rolling,Concrete Barrier,Concrete
549,7,LA,134,W,0,1,1,0,2,mix,56,11.2,3,3,10,10,70,22,Rolling,Concrete Barrier,Concrete
550,7,LA,134,W,1,1,2,1,2,mix,57,11.4,2,2,10,10,70,6,Rolling,Concrete Barrier,Concrete
551,7,LA,134,W,1,1,2,1,1,buffer,36,12,8,8,10,10,70,22,Flat,No Barriers,Bridge Deck
552,7,LA,134,W,3,1,2,1,1,buffer,56,11.2,2,2,8,8,70,6,Rolling,Concrete Barrier,Bridge Deck
553,7,LA,134,W,18,1,1,0,2,mix,56,11.2,3,3,10,10,70,22,Rolling,Concrete Barrier,Concrete
554,7,LA,134,W,20,1,1,0,2,mix,36,12,8,8,10,10,70,22,Flat,No Barriers,Bridge Deck
555,7,LA,134,W,28,1,2,1,2,mix,36,12,8,8,10,10,70,22,Flat,No Barriers,Bridge Deck
556,7,LA,134,W,0,1,2,1,1,buffer,68,11.3,3,3,10,10,70,8,Rolling,Concrete Barrier,Concrete
557,7,LA,134,W,1,1,2,1,1,buffer,56,11.2,3,3,10,10,70,22,Rolling,Concrete Barrier,Concrete
558,7,LA,134,W,14,1,1,0,2,mix,57,11.4,2,2,10,10,70,6,Rolling,Concrete Barrier,Bridge Deck
559,7,LA,134,W,0,1,1,0,2,mix,56,11.2,3,3,10,10,70,22,Rolling,Concrete Barrier,Concrete
560,7,LA,134,W,0,1,2,1,1,buffer,68,11.3,3,3,10,10,70,8,Rolling,Concrete Barrier,Concrete
561,7,LA,134,W,1,1,2,1,1,buffer,36,12,8,8,10,10,70,22,Flat,No Barriers,Bridge Deck
562,7,LA,134,W,40,1,2,1,1,buffer,36,12,8,8,10,10,70,22,Flat,No Barriers,Bridge Deck
563,7,LA,134,W,23,1,2,1,1,buffer,56,11.2,3,3,0,0,70,8,Rolling,Concrete Barrier,Bridge Deck
564,7,LA,134,W,2,1,2,1,2,mix,36,12,8,8,10,10,70,22,Flat,No Barriers,Bridge Deck
565,7,LA,134,W,18,1,2,1,1,buffer,56,11.2,3,3,10,10,70,8,Rolling,Concrete Barrier,Concrete
566,7,LA,134,W,16,1,2,1,1,buffer,56,11.2,3,3,10,10,70,8,Rolling,Concrete Barrier,Bridge Deck
567,7,LA,134,W,40,1,1,0,1,continuous,57,11.4,2,2,10,10,70,6,Rolling,Concrete Barrier,Concrete
568,7,LA,170,N,2,1,2,1,1,buffer,55,13.8,2,2,0,0,70,4,Flat,Concrete Barrier,Concrete
569,7,LA,170,N,17,1,2,1,1,buffer,35,11.7,0,0,0,0,55,10,Flat,No Barriers,Base & Surface
570,7,LA,170,N,0,1,2,1,1,buffer,35,11.7,0,0,0,0,55,10,Flat,No Barriers,Base & Surface
571,7,LA,170,N,1,1,2,1,1,buffer,55,13.8,2,2,0,0,70,4,Flat,Concrete Barrier,Concrete
572,7,LA,170,N,0,1,2,1,2,mix,35,11.7,0,0,0,0,55,10,Flat,No Barriers,Base & Surface
573,7,LA,170,N,37,1,2,1,1,buffer,55,13.8,2,2,0,0,70,4,Flat,Concrete Barrier,Concrete
574,7,LA,170,N,1,1,2,1,1,buffer,35,11.7,0,0,0,0,55,10,Flat,No Barriers,Base & Surface
575,7,LA,170,N,0,1,1,0,2,mix,55,13.8,2,2,0,0,70,4,Flat,Concrete Barrier,Concrete
576,7,LA,170,S,27,1,2,1,1,buffer,35,11.7,0,0,8,8,55,0,Flat,No Barriers,Base & Surface
577,7,LA,170,S,0,1,2,1,1,buffer,45,11.3,2,2,0,0,70,4,Flat,Concrete Barrier,Concrete
578,7,LA,170,S,21,1,2,1,1,buffer,45,11.3,2,2,0,0,70,4,Flat,Concrete Barrier,Concrete
579,7,LA,170,S,0,1,2,1,1,buffer,35,11.7,0,0,8,8,55,0,Flat,No Barriers,Base & Surface
580,7,LA,170,S,1,1,1,0,2,mix,45,11.3,2,2,0,0,70,4,Flat,Concrete Barrier,Concrete
581,7,LA,170,S,1,1,2,1,1,buffer,35,11.7,0,0,8,8,55,0,Flat,No Barriers,Base & Surface
582,7,LA,170,S,0,1,2,1,1,buffer,35,11.7,0,0,8,8,55,0,Flat,No Barriers,Base & Surface
583,7,LA,170,S,0,1,2,1,2,mix,45,11.3,2,2,0,0,70,4,Flat,Concrete Barrier,Concrete
584,7,LA,210,E,0,1,2,1,1,buffer,70,11.7,2,2,10,10,70,56,Flat,Concrete Barrier,Concrete
585,7,LA,210,E,0,1,2,1,1,buffer,52,13,11,11,10,10,70,46,Flat,Concrete Barrier,Base & Surface
586,7,LA,210,E,0,1,2,1,1,buffer,57,11.4,2,2,8,8,70,56,Flat,Concrete Barrier,Bridge Deck
587,7,LA,210,E,0,1,2,1,1,buffer,52,13,11,11,10,10,70,24,Flat,Concrete Barrier,Base & Surface
588,7,LA,210,E,0,1,2,1,2,mix,52,13,11,11,10,10,70,24,Flat,Cable Barriers,Concrete
589,7,LA,210,E,13,1,2,1,1,buffer,60,12,12,12,10,10,70,66,Flat,Concrete Barrier,Concrete
590,7,LA,210,E,45,1,2,1,2,mix,60,12,2,2,10,10,70,6,Flat,Concrete Barrier,Bridge Deck
591,7,LA,210,E,81,1,2,1,1,buffer,68,11.3,3,3,7,7,70,18,Flat,Concrete Barrier,Concrete
592,7,LA,210,E,2,1,2,1,1,buffer,70,11.7,2,2,10,10,70,46,Flat,Concrete Barrier,Concrete
593,7,LA,210,E,2,1,2,1,1,buffer,60,12,2,2,10,10,70,6,Flat,Concrete Barrier,Bridge Deck
594,7,LA,210,E,39,1,2,1,1,buffer,69,11.5,2,2,10,10,70,50,Flat,Concrete Barrier,Concrete
595,7,LA,210,E,3,1,2,1,1,buffer,60,12,2,2,10,10,70,6,Flat,Concrete Barrier,Concrete
596,7,LA,210,E,4,1,2,1,1,buffer,68,11.3,3,3,7,7,70,18,Flat,Concrete Barrier,Concrete
597,7,LA,210,E,23,1,2,1,1,buffer,52,13,11,11,10,10,70,46,Flat,Concrete Barrier,Base & Surface
598,7,LA,210,E,92,1,2,1,3,mix,60,12,2,2,10,10,70,6,Flat,Concrete Barrier,Concrete
599,7,LA,210,E,0,1,2,1,2,mix,72,12,2,2,10,10,70,30,Flat,Concrete Barrier,Bridge Deck
600,7,LA,210,E,0,1,2,1,1,buffer,64,12.8,22,22,10,10,70,46,Flat,Concrete Barrier,Base & Surface
601,7,LA,210,E,2,1,2,1,1,buffer,52,13,11,11,10,10,70,46,Flat,Concrete Barrier,Base & Surface
602,7,LA,210,E,2,1,2,1,1,buffer,64,12.8,22,22,10,10,70,46,Flat,Concrete Barrier,Base & Surface
603,7,LA,210,E,3,1,2,1,1,buffer,60,12,2,2,10,10,70,6,Flat,Concrete Barrier,Bridge Deck
604,7,LA,210,E,7,1,2,1,1,buffer,60,12,2,2,10,10,70,6,Flat,Concrete Barrier,Concrete
605,7,LA,210,E,14,1,2,1,2,mix,70,11.7,2,2,10,10,70,40,Flat,Concrete Barrier,Concrete
606,7,LA,210,E,20,1,2,1,1,buffer,60,12,2,2,10,10,70,6,Flat,Cable Barriers,Bridge Deck
607,7,LA,210,E,28,1,2,1,1,buffer,52,13,11,11,10,10,70,46,Flat,Concrete Barrier,Base & Surface
608,7,LA,210,E,0,1,2,1,1,buffer,52,13,11,11,10,10,70,24,Flat,Cable Barriers,Concrete
609,7,LA,210,E,0,1,2,1,1,buffer,60,12,2,2,10,10,70,6,Flat,Cable Barriers,Bridge Deck
610,7,LA,210,E,1,1,1,0,3,mix,60,12,2,2,10,10,70,6,Flat,Concrete Barrier,Concrete
611,7,LA,210,E,6,1,1,0,2,mix,72,12,2,2,10,10,70,30,Flat,Concrete Barrier,Bridge Deck
612,7,LA,210,E,7,1,2,1,1,buffer,72,12,2,2,10,10,70,30,Flat,Concrete Barrier,Bridge Deck
613,7,LA,210,E,32,1,2,1,1,buffer,72,12,2,2,10,10,70,6,Flat,Concrete Barrier,Bridge Deck
614,7,LA,210,E,0,1,2,1,1,buffer,72,12,2,2,10,10,70,6,Flat,Concrete Barrier,Bridge Deck
615,7,LA,210,E,0,1,1,0,3,mix,60,12,2,2,10,10,70,6,Flat,Concrete Barrier,Bridge Deck
616,7,LA,210,E,0,1,2,1,1,buffer,64,12.8,22,22,10,10,70,46,Flat,Concrete Barrier,Base & Surface
617,7,LA,210,E,1,1,2,1,1,buffer,69,11.5,2,2,10,10,70,50,Flat,Concrete Barrier,Concrete
618,7,LA,210,E,2,1,2,1,1,buffer,60,12,2,2,10,10,70,6,Flat,Cable Barriers,Bridge Deck
619,7,LA,210,E,59,1,1,0,2,mix,57,11.4,2,2,8,8,70,56,Flat,Concrete Barrier,Bridge Deck
620,7,LA,210,E,0,1,2,1,1,buffer,60,12,2,2,10,10,70,6,Flat,Concrete Barrier,Bridge Deck
621,7,LA,210,E,1,1,2,1,1,buffer,70,11.7,2,2,10,10,70,40,Flat,Concrete Barrier,Concrete
622,7,LA,210,E,1,1,2,1,1,buffer,60,12,2,2,10,10,70,6,Flat,Concrete Barrier,Bridge Deck
623,7,LA,210,E,3,1,2,1,1,buffer,52,13,11,11,10,10,70,24,Flat,Concrete Barrier,Base & Surface
624,7,LA,210,E,6,1,2,1,1,buffer,60,12,2,2,10,10,70,6,Flat,Concrete Barrier,Concrete
625,7,LA,210,E,26,1,1,0,2,mix,72,12,2,2,10,10,70,6,Flat,Concrete Barrier,Concrete
626,7,LA,210,E,35,1,2,1,2,mix,70,11.7,2,2,10,10,70,40,Flat,Concrete Barrier,Concrete
627,7,LA,210,E,35,1,2,1,1,buffer,72,12,2,2,10,10,70,6,Flat,Concrete Barrier,Concrete
628,7,LA,210,E,41,1,2,1,1,buffer,60,12,2,2,8,8,70,6,Flat,Concrete Barrier,Bridge Deck
629,7,LA,210,E,53,1,2,1,1,buffer,60,12,2,2,10,10,70,6,Flat,Concrete Barrier,Bridge Deck
630,7,LA,210,E,0,1,1,0,2,mix,52,13,11,11,10,10,70,24,Flat,Cable Barriers,Concrete
631,7,LA,210,E,0,1,2,1,1,buffer,52,13,11,11,10,10,70,46,Flat,Concrete Barrier,Base & Surface
632,7,LA,210,E,1,1,2,1,1,buffer,60,12,2,2,10,10,70,6,Flat,Concrete Barrier,Bridge Deck
633,7,LA,210,E,10,1,2,1,1,buffer,82,11.7,2,2,10,10,70,46,Flat,Concrete Barrier,Concrete
634,7,LA,210,E,12,1,2,1,1,buffer,55,11,3,3,8,8,70,19,Flat,Concrete Barrier,Concrete
635,7,LA,210,E,21,1,2,1,1,buffer,60,12,2,2,10,10,70,6,Flat,Concrete Barrier,Bridge Deck
636,7,LA,210,E,32,1,2,1,3,mix,70,11.7,2,2,10,10,70,46,Flat,Concrete Barrier,Concrete
637,7,LA,210,E,0,1,2,1,1,buffer,60,12,2,2,10,10,70,6,Flat,Concrete Barrier,Bridge Deck
638,7,LA,210,E,1,1,2,1,1,buffer,52,13,11,11,10,10,70,46,Flat,Concrete Barrier,Base & Surface
639,7,LA,210,E,3,1,2,1,3,mix,64,12.8,22,22,10,10,70,46,Flat,Concrete Barrier,Base & Surface
640,7,LA,210,E,20,1,2,1,1,buffer,60,12,2,2,10,10,70,6,Flat,Concrete Barrier,Concrete
641,7,LA,210,E,35,1,2,1,1,buffer,60,12,2,2,10,10,70,6,Flat,Concrete Barrier,Bridge Deck
642,7,LA,210,E,36,1,2,1,1,buffer,60,12,2,2,10,10,70,6,Flat,Concrete Barrier,Bridge Deck
643,7,LA,210,E,46,1,2,1,1,buffer,60,12,2,2,10,10,70,6,Flat,Concrete Barrier,Bridge Deck
644,7,LA,210,E,0,1,2,1,1,buffer,64,12.8,22,22,10,10,70,46,Flat,Concrete Barrier,Base & Surface
645,7,LA,210,E,0,1,2,1,3,mix,52,13,11,11,10,10,70,46,Flat,Concrete Barrier,Base & Surface
646,7,LA,210,E,1,1,1,0,2,mix,72,12,2,2,10,10,70,6,Flat,Concrete Barrier,Concrete
647,7,LA,210,E,1,1,2,1,2,mix,57,11.4,2,2,8,8,70,56,Flat,Concrete Barrier,Bridge Deck
648,7,LA,210,E,2,1,2,1,1,buffer,60,12,2,2,10,10,70,6,Flat,Cable Barriers,Bridge Deck
649,7,LA,210,E,4,1,2,1,1,buffer,60,12,2,2,10,10,70,6,Flat,Concrete Barrier,Concrete
650,7,LA,210,E,4,1,2,1,1,buffer,60,12,2,2,10,10,70,6,Flat,Concrete Barrier,Bridge Deck