FID,District,County,Route,Direction,Accidents,Lanes,Access1,Limited,AccessNum,AccessType,RoadWidth,LaneWidth,InnerShoulderWidth,InnerShoulderTreatedWidth,OuterShoulderWidth,OuterShoulderTreatedWidth,DesignSpeedLimit,InnerMedianWidth,Terrain,Barrier,Surface
862,7,LA,405,N,31,1,2,1,1,buffer,56,11.2,2,2,10,10,70,6,Rolling,Concrete Barrier,Concrete
863,7,LA,405,N,67,1,1,0,2,mix,56,11.2,2,2,10,10,70,14,Mountainous,Concrete Barrier,Concrete
864,7,LA,405,N,0,1,2,1,1,buffer,56,11.2,0,0,10,10,70,6,Flat,Concrete Barrier,Bridge Deck
865,7,LA,405,N,0,1,2,1,1,buffer,56,11.2,2,2,10,10,70,6,Flat,Concrete Barrier,Concrete
866,7,LA,405,N,0,1,2,1,1,buffer,56,11.2,15,15,10,10,70,6,Flat,Concrete Barrier,Concrete
867,7,LA,405,N,1,1,2,1,1,buffer,56,11.2,2,2,0,0,70,6,Flat,Concrete Barrier,Bridge Deck
868,7,LA,405,N,1,1,2,1,1,buffer,45,11.3,1,1,10,10,70,13,Rolling,Concrete Barrier,Concrete
869,7,LA,405,N,3,1,1,0,2,mix,67,11.2,2,2,0,0,70,8,Mountainous,Concrete Barrier,Concrete
870,7,LA,405,N,5,1,2,1,1,buffer,56,11.2,2,2,0,0,70,6,Flat,Concrete Barrier,Bridge Deck
871,7,LA,405,N,6,1,1,0,1,continuous,56,11.2,2,2,10,10,70,14,Mountainous,Concrete Barrier,Concrete
872,7,LA,405,N,51,1,2,1,3,mix,56,11.2,2,2,10,10,70,6,Flat,Concrete Barrier,Concrete
873,7,LA,405,N,57,1,2,1,1,buffer,60,12,10,10,10,10,70,12,Flat,Concrete Barrier,Base & Surface
874,7,LA,405,N,57,1,2,1,1,buffer,48,12,10,10,10,10,70,22,Flat,Concrete Barrier,Concrete
875,7,LA,405,N,65,1,1,0,2,mix,56,11.2,2,2,10,10,70,14,Mountainous,Concrete Barrier,Base & Surface
876,7,LA,405,N,0,1,1,0,2,mix,60,12,10,10,10,10,70,12,Flat,Concrete Barrier,Base & Surface
877,7,LA,405,N,0,1,2,1,1,buffer,45,11.3,2,2,10,10,70,6,Flat,Concrete Barrier,Concrete
878,7,LA,405,N,1,1,2,1,1,buffer,78,11.1,2,2,8,8,70,6,Flat,Concrete Barrier,Concrete
879,7,LA,405,N,33,1,2,1,1,buffer,48,12,10,10,10,10,70,22,Flat,Concrete Barrier,Concrete
880,7,LA,405,N,0,1,2,1,2,mix,56,11.2,2,2,10,10,70,6,Flat,Concrete Barrier,Concrete
881,7,LA,405,N,0,1,2,1,2,mix,55,11,3,3,10,10,70,8,Flat,Concrete Barrier,Concrete
882,7,LA,405,N,0,1,2,1,1,buffer,56,11.2,2,2,10,10,70,6,Flat,Concrete Barrier,Concrete
883,7,LA,405,N,0,1,2,1,1,buffer,56,11.2,8,8,10,10,70,22,Mountainous,Concrete Barrier,Base & Surface
884,7,LA,405,N,1,1,2,1,1,buffer,56,11.2,2,2,10,10,70,6,Flat,Concrete Barrier,Concrete
885,7,LA,405,N,2,1,2,1,1,buffer,67,11.2,2,2,0,0,70,6,Flat,Concrete Barrier,Concrete
886,7,LA,405,N,6,1,2,1,1,buffer,55,11,3,3,10,10,70,8,Flat,Concrete Barrier,Bridge Deck
887,7,LA,405,N,19,1,2,1,1,buffer,45,11.3,2,2,10,10,70,6,Flat,Concrete Barrier,Concrete
888,7,LA,405,N,36,1,2,1,1,buffer,56,11.2,15,15,10,10,70,6,Flat,Concrete Barrier,Concrete
889,7,LA,405,N,42,1,2,1,2,mix,56,11.2,2,2,10,10,70,14,Mountainous,Concrete Barrier,Concrete
890,7,LA,405,N,45,1,2,1,2,mix,55,11,4,4,10,10,70,16,Mountainous,Concrete Barrier,Base & Surface
891,7,LA,405,N,46,1,2,1,1,buffer,56,11.2,2,2,10,10,70,6,Flat,Concrete Barrier,Concrete
892,7,LA,405,N,51,1,1,0,2,mix,56,11.2,2,2,10,10,70,6,Flat,Concrete Barrier,Concrete
893,7,LA,405,N,0,1,2,1,1,buffer,56,11.2,15,15,10,10,70,6,Flat,Concrete Barrier,Concrete
894,7,LA,405,N,2,1,2,1,1,buffer,45,11.3,2,2,10,10,70,6,Flat,Concrete Barrier,Concrete
895,7,LA,405,N,2,1,2,1,2,mix,56,11.2,2,2,10,10,70,6,Flat,Concrete Barrier,Bridge Deck
896,7,LA,405,N,4,1,2,1,2,mix,56,11.2,2,2,10,10,70,14,Mountainous,Concrete Barrier,Base & Surface
897,7,LA,405,N,0,1,1,0,2,mix,48,12,10,10,10,10,70,22,Flat,Concrete Barrier,Concrete
898,7,LA,405,N,0,1,2,1,1,buffer,56,11.2,0,0,10,10,70,6,Flat,Concrete Barrier,Bridge Deck
899,7,LA,405,N,1,1,2,1,2,mix,56,11.2,2,2,10,10,70,6,Flat,Concrete Barrier,Bridge Deck
900,7,LA,405,N,2,1,2,1,2,mix,56,11.2,2,2,10,10,70,6,Flat,Concrete Barrier,Bridge Deck
901,7,LA,405,N,2,1,2,1,1,buffer,67,11.2,2,2,10,10,70,6,Flat,Concrete Barrier,Concrete
902,7,LA,405,N,12,1,1,0,2,mix,67,11.2,2,2,10,10,70,6,Flat,Concrete Barrier,Concrete
903,7,LA,405,N,18,1,2,1,1,buffer,56,11.2,0,0,10,10,70,14,Mountainous,Concrete Barrier,Concrete
904,7,LA,405,N,0,1,2,1,2,mix,56,11.2,2,2,10,10,70,14,Mountainous,Concrete Barrier,Base & Surface
905,7,LA,405,N,1,1,2,1,1,buffer,56,11.2,2,2,10,10,70,20,Flat,Concrete Barrier,Bridge Deck
906,7,LA,405,N,1,1,2,1,1,buffer,67,11.2,3,3,10,10,70,20,Flat,Concrete Barrier,Concrete
907,7,LA,405,N,90,1,2,1,1,buffer,48,12,10,10,10,10,70,22,Flat,Concrete Barrier,Concrete
908,7,LA,405,N,24,1,2,1,1,buffer,60,12,10,10,10,10,70,22,Flat,Concrete Barrier,Bridge Deck
909,7,LA,405,N,2,1,2,1,1,buffer,48,12,8,8,10,10,70,22,Flat,Concrete Barrier,Concrete
910,7,LA,405,N,57,1,1,0,2,mix,48,12,8,8,10,10,70,22,Flat,Concrete Barrier,Concrete
911,7,LA,405,S,54,1,2,1,1,buffer,55,11,3,3,10,10,70,8,Mountainous,Concrete Barrier,Concrete
912,7,LA,405,S,37,1,2,1,1,buffer,56,11.2,2,2,10,10,70,6,Flat,Concrete Barrier,Base & Surface
913,7,LA,405,S,0,1,2,1,1,buffer,56,11.2,8,8,10,10,70,14,Mountainous,Concrete Barrier,Concrete
914,7,LA,405,S,0,1,1,0,2,mix,48,12,8,8,10,10,70,14,Mountainous,Concrete Barrier,Concrete
915,7,LA,405,S,0,1,2,1,1,buffer,56,11.2,2,2,10,10,70,6,Flat,Concrete Barrier,Concrete
916,7,LA,405,S,0,1,2,1,1,buffer,60,12,8,8,10,10,70,14,Mountainous,Concrete Barrier,Concrete
917,7,LA,405,S,27,1,2,1,1,buffer,78,11.1,2,2,10,10,70,6,Flat,Concrete Barrier,Concrete
918,7,LA,405,S,38,1,2,1,1,buffer,56,11.2,2,2,10,10,70,12,Flat,Concrete Barrier,Bridge Deck
919,7,LA,405,S,41,1,2,1,2,mix,55,11,3,3,10,10,70,8,Flat,Concrete Barrier,Bridge Deck
920,7,LA,405,S,12,1,2,1,1,buffer,56,11.2,2,2,10,10,70,20,Flat,Concrete Barrier,Concrete
921,7,LA,405,S,0,1,2,1,1,buffer,56,11.2,1,1,10,10,70,6,Flat,Concrete Barrier,Concrete
922,7,LA,405,S,1,1,2,1,2,mix,56,11.2,2,2,10,10,70,6,Flat,Concrete Barrier,Bridge Deck
923,7,LA,405,S,3,1,2,1,2,mix,56,11.2,2,2,10,10,70,6,Flat,Concrete Barrier,Bridge Deck
924,7,LA,405,S,19,1,2,1,1,buffer,56,11.2,2,2,10,10,70,6,Flat,Concrete Barrier,Concrete
925,7,LA,405,S,26,1,2,1,2,mix,56,11.2,2,2,10,10,70,6,Flat,Concrete Barrier,Base & Surface
926,7,LA,405,S,55,1,2,1,3,mix,56,11.2,1,1,0,0,70,6,Flat,Concrete Barrier,Bridge Deck
927,7,LA,405,S,59,1,2,1,1,buffer,56,11.2,1,1,10,10,70,13,Flat,Concrete Barrier,Concrete
928,7,LA,405,S,0,1,2,1,1,buffer,48,12,10,10,10,10,70,22,Flat,Concrete Barrier,Concrete
929,7,LA,405,S,0,1,2,1,1,buffer,48,12,8,8,10,10,70,22,Mountainous,Concrete Barrier,Base & Surface
930,7,LA,405,S,2,1,2,1,1,buffer,67,11.2,2,2,10,10,70,6,Flat,Concrete Barrier,Concrete
931,7,LA,405,S,2,1,2,1,1,buffer,48,12,8,8,10,10,70,14,Mountainous,Concrete Barrier,Base & Surface
932,7,LA,405,S,5,1,2,1,1,buffer,56,11.2,2,2,10,10,70,6,Flat,Concrete Barrier,Bridge Deck
933,7,LA,405,S,26,1,2,1,1,buffer,56,11.2,2,2,10,10,70,6,Flat,Concrete Barrier,Concrete
934,7,LA,405,S,39,1,2,1,2,mix,56,11.2,2,2,10,10,70,6,Flat,Concrete Barrier,Bridge Deck
935,7,LA,405,S,0,1,2,1,2,mix,56,11.2,2,2,10,10,70,6,Flat,Concrete Barrier,Concrete
936,7,LA,405,S,0,1,2,1,1,buffer,67,11.2,2,2,0,0,70,6,Flat,Concrete Barrier,Concrete
937,7,LA,405,S,0,1,2,1,1,buffer,56,11.2,15,15,10,10,70,20,Flat,Concrete Barrier,Concrete
938,7,LA,405,S,0,1,2,1,1,buffer,55,11,3,3,10,10,70,8,Flat,Concrete Barrier,Bridge Deck
939,7,LA,405,S,12,1,2,1,1,buffer,67,11.2,2,2,10,10,70,6,Flat,Concrete Barrier,Concrete
940,7,LA,405,S,17,1,2,1,1,buffer,60,12,3,3,8,8,70,15,Flat,Concrete Barrier,Concrete
941,7,LA,405,S,23,1,2,1,4,mix,78,11.1,2,2,10,10,70,6,Flat,Concrete Barrier,Concrete
942,7,LA,405,S,38,1,2,1,1,buffer,56,11.2,3,3,10,10,70,6,Flat,Concrete Barrier,Bridge Deck
943,7,LA,405,S,66,1,2,1,3,mix,56,11.2,1,1,10,10,70,13,Flat,Concrete Barrier,Concrete
944,7,LA,405,S,0,1,1,0,2,mix,55,11,3,3,10,10,70,8,Flat,Concrete Barrier,Bridge Deck
945,7,LA,405,S,0,1,2,1,1,buffer,56,11.2,2,2,10,10,70,6,Flat,Concrete Barrier,Bridge Deck
946,7,LA,405,S,0,1,2,1,1,buffer,56,11.2,1,1,0,0,70,6,Flat,Concrete Barrier,Bridge Deck
947,7,LA,405,S,0,1,2,1,2,mix,60,12,8,8,10,10,70,14,Mountainous,Concrete Barrier,Concrete
948,7,LA,405,S,0,1,1,0,2,mix,48,12,8,8,10,10,70,22,Mountainous,Concrete Barrier,Bridge Deck
949,7,LA,405,S,0,1,2,1,1,buffer,56,11.2,3,3,10,10,70,6,Flat,Concrete Barrier,Concrete
950,7,LA,405,S,1,1,1,0,1,continuous,48,12,8,8,10,10,70,22,Mountainous,Concrete Barrier,Bridge Deck
951,7,LA,405,S,2,1,2,1,1,buffer,45,11.3,2,2,0,0,70,6,Rolling,Concrete Barrier,Concrete
952,7,LA,405,S,6,1,2,1,1,buffer,48,12,10,10,10,10,70,22,Flat,Concrete Barrier,Concrete
953,7,LA,405,S,7,1,2,1,1,buffer,60,12,10,10,9,9,70,22,Flat,Concrete Barrier,Concrete
954,7,LA,405,S,10,1,2,1,1,buffer,67,11.2,2,2,10,10,70,6,Flat,Concrete Barrier,Concrete
955,7,LA,405,S,18,1,1,0,3,mix,48,12,10,10,10,10,70,22,Flat,Concrete Barrier,Concrete
956,7,LA,405,S,19,1,1,0,2,mix,48,12,10,10,10,10,70,22,Flat,Concrete Barrier,Concrete
957,7,LA,405,S,38,1,2,1,1,buffer,67,11.2,2,2,10,10,70,6,Flat,Concrete Barrier,Concrete
958,7,LA,405,S,46,1,2,1,1,buffer,67,11.2,2,2,10,10,70,6,Flat,Concrete Barrier,Bridge Deck
959,7,LA,405,S,58,1,2,1,1,buffer,67,11.2,3,3,10,10,70,6,Flat,Concrete Barrier,Concrete
960,7,LA,405,S,0,1,2,1,1,buffer,56,11.2,2,2,10,10,70,12,Flat,Concrete Barrier,Base & Surface
961,7,LA,405,S,0,1,2,1,2,mix,56,11.2,2,2,10,10,70,6,Flat,Concrete Barrier,Concrete
962,7,LA,405,S,0,1,2,1,1,buffer,56,11.2,2,2,10,10,70,6,Flat,Concrete Barrier,Bridge Deck
963,7,LA,405,S,5,1,2,1,1,buffer,56,11.2,2,2,10,10,70,6,Flat,Concrete Barrier,Concrete
964,7,LA,405,S,9,1,2,1,1,buffer,56,11.2,2,2,0,0,70,6,Flat,Concrete Barrier,Concrete
965,7,LA,405,S,18,1,2,1,1,buffer,55,11,3,3,10,10,70,8,Flat,Concrete Barrier,Bridge Deck
966,7,LA,405,S,0,1,2,1,2,mix,56,11.2,2,2,10,10,70,12,Flat,Concrete Barrier,Bridge Deck
967,7,LA,405,S,0,1,1,0,2,mix,56,11.2,3,3,10,10,70,6,Flat,Concrete Barrier,Concrete
968,7,LA,405,S,0,1,2,1,1,buffer,56,11.2,3,3,10,10,70,6,Flat,Concrete Barrier,Concrete
969,7,LA,405,S,1,1,2,1,1,buffer,56,11.2,2,2,10,10,70,6,Flat,Concrete Barrier,Bridge Deck
970,7,LA,405,S,2,1,2,1,1,buffer,48,12,8,8,10,10,70,14,Mountainous,Concrete Barrier,Concrete
971,7,LA,405,S,10,1,2,1,1,buffer,48,12,8,8,10,10,70,22,Flat,Concrete Barrier,Concrete
972,7,LA,405,S,23,1,1,0,2,mix,48,12,10,10,10,10,70,22,Flat,Concrete Barrier,Concrete
973,7,LA,405,S,39,1,2,1,1,buffer,56,11.2,2,2,10,10,70,12,Flat,Concrete Barrier,Base & Surface
974,7,LA,405,S,48,1,2,1,1,buffer,45,11.3,2,2,10,10,70,6,Flat,Concrete Barrier,Concrete
975,7,LA,405,S,49,1,2,1,1,buffer,60,12,8,8,10,10,70,14,Mountainous,Concrete Barrier,Concrete
976,7,LA,405,S,73,1,2,1,2,mix,48,12,8,8,10,10,70,14,Mountainous,Concrete Barrier,Concrete
977,7,LA,405,S,76,1,1,0,1,continuous,48,12,8,8,10,10,70,14,Mountainous,Concrete Barrier,Concrete
978,7,LA,405,S,0,1,2,1,1,buffer,56,11.2,2,2,0,0,70,6,Flat,Concrete Barrier,Concrete
979,7,LA,405,S,0,1,2,1,1,buffer,56,11.2,2,2,10,10,70,6,Flat,Concrete Barrier,Concrete
980,7,LA,405,S,0,1,2,1,1,buffer,48,12,8,8,10,10,70,22,Mountainous,Concrete Barrier,Base & Surface
981,7,LA,405,S,0,1,2,1,1,buffer,56,11.2,3,3,10,10,70,6,Flat,Concrete Barrier,Concrete
982,7,LA,405,S,0,1,1,0,2,mix,60,12,8,8,10,10,70,14,Mountainous,Concrete Barrier,Concrete
983,7,LA,405,S,2,1,2,1,1,buffer,67,11.2,2,2,10,10,70,6,Flat,Concrete Barrier,Bridge Deck
984,7,LA,405,S,5,1,2,1,2,mix,56,11.2,3,3,10,10,70,6,Flat,Concrete Barrier,Concrete
985,7,LA,405,S,5,1,2,1,2,mix,48,12,8,8,10,10,70,14,Mountainous,Concrete Barrier,Concrete
986,7,LA,405,S,5,1,2,1,1,buffer,48,12,8,8,10,10,70,22,Mountainous,Concrete Barrier,Bridge Deck
987,7,LA,405,S,7,1,2,1,1,buffer,56,11.2,2,2,10,10,70,6,Flat,Concrete Barrier,Bridge Deck
988,7,LA,405,S,14,1,2,1,2,mix,48,12,10,10,10,10,70,22,Flat,Concrete Barrier,Concrete
989,7,LA,405,S,42,1,2,1,2,mix,67,11.2,2,2,10,10,70,6,Flat,Concrete Barrier,Concrete
990,7,LA,405,S,42,1,2,1,3,mix,56,11.2,2,2,10,10,70,6,Flat,Concrete Barrier,Concrete
991,7,LA,405,S,46,1,1,0,2,mix,56,11.2,1,1,0,0,70,6,Flat,Concrete Barrier,Bridge Deck
992,7,LA,405,S,48,1,2,1,1,buffer,48,12,8,8,10,10,70,22,Flat,Concrete Barrier,Concrete
993,7,LA,405,S,50,1,2,1,2,mix,48,12,10,10,10,10,70,22,Flat,Concrete Barrier,Concrete
994,7,LA,405,S,61,1,1,0,2,mix,56,11.2,2,2,10,10,70,6,Flat,Concrete Barrier,Bridge Deck
995,7,LA,405,S,63,1,1,0,2,mix,56,11.2,2,2,10,10,70,6,Flat,Concrete Barrier,Bridge Deck
996,7,LA,405,S,101,1,2,1,1,buffer,55,11,3,3,10,10,70,8,Flat,Concrete Barrier,Bridge Deck
997,7,LA,405,S,0,1,2,1,1,buffer,67,11.2,2,2,10,10,70,6,Flat,Concrete Barrier,Concrete
998,7,LA,405,S,0,1,2,1,2,mix,72,12,10,10,10,10,70,22,Flat,Concrete Barrier,Concrete
999,7,LA,405,S,0,1,2,1,1,buffer,48,12,8,8,10,10,70,22,Mountainous,Concrete Barrier,Base & Surface
"1,000",7,LA,405,S,0,1,1,0,2,mix,48,12,8,8,10,10,70,14,Mountainous,Concrete Barrier,Concrete
"1,001",7,LA,405,S,9,1,2,1,1,buffer,60,12,8,8,10,10,70,14,Mountainous,Concrete Barrier,Concrete
"1,002",7,LA,405,S,19,1,2,1,1,buffer,56,11.2,1,1,10,10,70,13,Flat,Concrete Barrier,Concrete
"1,003",7,LA,405,S,38,1,1,0,2,mix,56,11.2,2,2,10,10,70,6,Flat,Concrete Barrier,Bridge Deck
"1,004",7,LA,405,S,102,1,2,1,1,buffer,48,12,8,8,10,10,70,14,Mountainous,Concrete Barrier,Base & Surface
"1,005",7,LA,405,S,0,1,1,0,1,continuous,56,11.2,2,2,10,10,70,6,Flat,Concrete Barrier,Concrete
"1,006",7,LA,405,S,0,1,2,1,1,buffer,56,11.2,2,2,10,10,70,6,Flat,Concrete Barrier,Concrete
"1,007",7,LA,405,S,0,1,2,1,1,buffer,56,11.2,15,15,10,10,70,20,Flat,Concrete Barrier,Concrete
"1,008",7,LA,405,S,2,1,2,1,1,buffer,56,11.2,2,2,0,0,70,6,Flat,Concrete Barrier,Concrete
"1,009",7,LA,405,S,2,1,1,0,2,mix,48,12,8,8,10,10,70,22,Mountainous,Concrete Barrier,Base & Surface
"1,010",7,LA,405,S,21,1,1,0,1,continuous,55,11,3,3,10,10,70,8,Flat,Concrete Barrier,Bridge Deck
"1,011",7,LA,405,S,26,1,2,1,1,buffer,56,11.2,1,1,10,10,70,13,Flat,Concrete Barrier,Concrete
"1,012",7,LA,405,S,32,1,1,0,2,mix,56,11.2,2,2,10,10,70,6,Flat,Concrete Barrier,Concrete
"1,013",7,LA,405,S,0,1,2,1,1,buffer,56,11.2,1,1,10,10,70,6,Flat,Concrete Barrier,Bridge Deck
"1,014",7,LA,405,S,0,1,2,1,2,mix,48,12,8,8,10,10,70,14,Mountainous,Concrete Barrier,Base & Surface
"1,015",7,LA,405,S,0,1,2,1,1,buffer,45,11.3,2,2,0,0,70,6,Rolling,Concrete Barrier,Concrete
"1,016",7,LA,405,S,1,1,1,0,2,mix,56,11.2,2,2,10,10,70,6,Flat,Concrete Barrier,Bridge Deck
"1,017",7,LA,405,S,2,1,2,1,1,buffer,72,12,10,10,10,10,70,22,Flat,Concrete Barrier,Concrete
"1,018",7,LA,405,S,3,1,2,1,3,mix,67,11.2,3,3,10,10,70,6,Flat,Concrete Barrier,Concrete
"1,019",7,LA,405,S,4,1,2,1,1,buffer,56,11.2,2,2,0,0,70,6,Flat,Concrete Barrier,Concrete
"1,020",7,LA,405,S,4,1,2,1,3,mix,67,11.2,2,2,10,10,70,6,Flat,Concrete Barrier,Concrete
"1,021",7,LA,405,S,6,1,1,0,2,mix,56,11.2,2,2,10,10,70,6,Flat,Concrete Barrier,Base & Surface
"1,022",7,LA,405,S,9,1,2,1,1,buffer,67,11.2,15,15,10,10,70,20,Flat,Concrete Barrier,Concrete
"1,023",7,LA,405,S,14,1,2,1,1,buffer,36,12,8,8,10,10,70,22,Flat,Concrete Barrier,Concrete
"1,024",7,LA,405,S,25,1,2,1,1,buffer,48,12,10,10,10,10,70,22,Flat,Concrete Barrier,Concrete
"1,025",7,LA,405,S,37,1,2,1,1,buffer,56,11.2,2,2,10,10,70,6,Flat,Concrete Barrier,Concrete
"1,026",7,LA,405,S,37,1,2,1,3,mix,67,11.2,2,2,10,10,70,6,Flat,Concrete Barrier,Bridge Deck
"1,027",7,LA,405,S,43,1,2,1,1,buffer,56,11.2,2,2,0,0,70,6,Flat,Concrete Barrier,Concrete
"1,028",7,LA,405,S,2,1,2,1,1,buffer,56,11.2,2,2,10,10,70,6,Flat,Concrete Barrier,Concrete
"1,029",7,LA,405,S,2,1,2,1,1,buffer,56,11.2,2,2,10,10,70,20,Flat,Concrete Barrier,Bridge Deck
"1,030",7,LA,405,S,11,1,2,1,2,mix,48,12,8,8,10,10,70,14,Mountainous,Concrete Barrier,Bridge Deck
"1,031",7,LA,405,S,26,1,2,1,1,buffer,56,11.2,2,2,10,10,70,6,Flat,Concrete Barrier,Bridge Deck
"1,032",7,LA,405,S,30,1,2,1,1,buffer,56,11.2,2,2,10,10,70,6,Flat,Concrete Barrier,Bridge Deck
"1,033",7,LA,405,S,0,1,2,1,1,buffer,55,11,3,3,10,10,70,8,Flat,Concrete Barrier,Bridge Deck
"1,034",7,LA,405,S,0,1,2,1,1,buffer,56,11.2,2,2,10,10,70,20,Flat,Concrete Barrier,Bridge Deck
"1,035",7,LA,405,S,0,1,1,0,1,continuous,48,12,8,8,10,10,70,14,Mountainous,Concrete Barrier,Concrete
"1,036",7,LA,405,S,2,1,2,1,1,buffer,67,11.2,3,3,10,10,70,6,Flat,Concrete Barrier,Concrete
"1,037",7,LA,405,S,7,1,2,1,1,buffer,56,11.2,2,2,10,10,70,6,Flat,Concrete Barrier,Bridge Deck
"1,038",7,LA,405,S,8,1,2,1,1,buffer,67,11.2,2,2,0,0,70,6,Flat,Concrete Barrier,Concrete
"1,039",7,LA,405,S,9,1,2,1,1,buffer,67,11.2,2,2,10,10,70,20,Flat,Concrete Barrier,Concrete
"1,040",7,LA,405,S,30,1,1,0,2,mix,48,12,8,8,10,10,70,22,Mountainous,Concrete Barrier,Concrete
"1,041",7,LA,405,S,0,1,2,1,1,buffer,56,11.2,3,3,10,10,70,6,Flat,Concrete Barrier,Bridge Deck
"1,042",7,LA,405,S,1,1,2,1,1,buffer,56,11.2,2,2,10,10,70,6,Flat,Concrete Barrier,Concrete
"1,043",7,LA,405,S,5,1,2,1,1,buffer,56,11.2,1,1,10,10,70,6,Flat,Concrete Barrier,Concrete
"1,044",7,LA,405,S,37,1,2,1,1,buffer,60,12,8,8,10,10,70,14,Mountainous,Concrete Barrier,Concrete
"1,045",7,LA,405,S,38,1,2,1,1,buffer,60,12,8,8,10,10,70,14,Mountainous,Concrete Barrier,Concrete
"1,046",7,LA,405,S,0,1,2,1,1,buffer,56,11.2,3,3,10,10,70,6,Flat,Concrete Barrier,Concrete
"1,047",7,LA,405,S,1,1,2,1,1,buffer,56,11.2,2,2,10,10,70,6,Flat,Concrete Barrier,Bridge Deck
"1,048",7,LA,405,S,2,1,2,1,2,mix,56,11.2,1,1,0,0,70,6,Flat,Concrete Barrier,Bridge Deck
"1,049",7,LA,405,S,85,1,2,1,1,buffer,48,12,8,8,10,10,70,14,Mountainous,Concrete Barrier,Concrete
"1,050",7,LA,405,S,0,1,1,0,2,mix,78,11.1,2,2,10,10,70,6,Flat,Concrete Barrier,Concrete
"1,051",7,LA,405,S,1,1,1,0,2,mix,67,11.2,2,2,10,10,70,6,Flat,Concrete Barrier,Bridge Deck
"1,052",7,LA,405,S,1,1,2,1,1,buffer,56,11.2,1,1,0,0,70,6,Flat,Concrete Barrier,Bridge Deck
"1,053",7,LA,405,S,24,1,2,1,1,buffer,56,11.2,2,2,10,10,70,6,Flat,Concrete Barrier,Bridge Deck
"1,054",7,LA,405,S,0,1,2,1,1,buffer,55,11,3,3,10,10,70,8,Flat,Concrete Barrier,Bridge Deck
"1,055",7,LA,405,S,2,1,1,0,2,mix,56,11.2,2,2,10,10,70,12,Flat,Concrete Barrier,Bridge Deck
"1,056",7,LA,405,S,22,1,2,1,1,buffer,60,12,3,3,8,8,70,15,Flat,Concrete Barrier,Concrete
"1,057",7,LA,405,S,107,1,2,1,1,buffer,48,12,8,8,10,10,70,22,Mountainous,Concrete Barrier,Bridge Deck
"1,058",7,LA,405,S,23,1,2,1,2,mix,48,12,8,8,10,10,70,14,Mountainous,Concrete Barrier,Concrete
"1,059",7,LA,605,N,5,1,2,1,1,buffer,45,11.3,2,2,10,10,70,6,Flat,Concrete Barrier,Concrete
"1,060",7,LA,605,N,0,1,2,1,1,buffer,48,12,8,8,10,10,70,36,Flat,Concrete Barrier,Concrete
"1,061",7,LA,605,N,3,1,2,1,1,buffer,48,12,10,10,10,10,70,36,Flat,Concrete Barrier,Concrete
"1,062",7,LA,605,N,47,1,2,1,1,buffer,56,11.2,2,2,10,10,70,6,Flat,Concrete Barrier,Bridge Deck
"1,063",7,LA,605,N,0,1,2,1,1,buffer,56,11.2,2,2,9,9,70,6,Flat,Concrete Barrier,Concrete
"1,064",7,LA,605,N,60,1,2,1,1,buffer,68,11.3,2,2,10,10,70,6,Flat,Concrete Barrier,Bridge Deck
"1,065",7,LA,605,N,4,1,2,1,1,buffer,56,11.2,2,2,10,10,70,6,Flat,Concrete Barrier,Concrete
"1,066",7,LA,605,N,24,1,2,1,1,buffer,48,12,8,8,10,10,70,36,Flat,Concrete Barrier,Concrete
"1,067",7,LA,605,N,27,1,1,0,2,mix,48,12,8,8,10,10,70,36,Flat,Concrete Barrier,Concrete
"1,068",7,LA,605,N,5,1,2,1,1,buffer,56,11.2,2,2,10,10,70,20,Flat,Concrete Barrier,Concrete
"1,069",7,LA,605,N,38,1,2,1,1,buffer,48,12,10,10,10,10,70,36,Flat,Concrete Barrier,Concrete
"1,070",7,LA,605,N,1,1,2,1,1,buffer,56,11.2,2,2,10,10,70,6,Flat,Concrete Barrier,Concrete