FID,District,County,Route,Direction,Accidents,Lanes,Access1,Limited,AccessNum,AccessType,RoadWidth,LaneWidth,InnerShoulderWidth,InnerShoulderTreatedWidth,OuterShoulderWidth,OuterShoulderTreatedWidth,DesignSpeedLimit,InnerMedianWidth,Terrain,Barrier,Surface
"1,071",7,LA,605,N,14,1,2,1,1,buffer,56,11.2,2,2,0,0,70,6,Flat,Concrete Barrier,Concrete
"1,072",7,LA,605,N,40,1,2,1,2,mix,56,11.2,2,2,10,10,70,6,Flat,Concrete Barrier,Concrete
"1,073",7,LA,605,N,50,1,2,1,1,buffer,68,11.3,2,2,10,10,70,6,Flat,Concrete Barrier,Concrete
"1,074",7,LA,605,N,110,1,1,0,2,mix,68,11.3,2,2,10,10,70,6,Flat,Concrete Barrier,Bridge Deck
"1,075",7,LA,605,N,0,1,2,1,3,mix,56,11.2,2,2,9,9,70,6,Flat,Concrete Barrier,Concrete
"1,076",7,LA,605,N,0,1,2,1,1,buffer,68,11.3,2,2,10,10,70,6,Flat,Concrete Barrier,Concrete
"1,077",7,LA,605,N,87,1,2,1,1,buffer,68,11.3,2,2,10,10,70,6,Flat,Concrete Barrier,Concrete
"1,078",7,LA,605,N,0,1,2,1,1,buffer,48,12,8,8,10,10,70,36,Flat,Concrete Barrier,Concrete
"1,079",7,LA,605,N,1,1,2,1,1,buffer,56,11.2,2,2,10,10,70,6,Flat,Concrete Barrier,Concrete
"1,080",7,LA,605,N,1,1,2,1,2,mix,56,11.2,2,2,10,10,70,6,Flat,Concrete Barrier,Concrete
"1,081",7,LA,605,N,37,1,2,1,1,buffer,56,11.2,2,2,10,10,70,6,Flat,Concrete Barrier,Concrete
"1,082",7,LA,605,N,40,1,1,0,2,mix,45,11.3,2,2,10,10,70,6,Flat,Concrete Barrier,Concrete
"1,083",7,LA,605,N,0,1,2,1,2,mix,56,11.2,2,2,10,10,70,6,Flat,Concrete Barrier,Bridge Deck
"1,084",7,LA,605,N,0,1,1,0,2,mix,56,11.2,2,2,10,10,70,6,Flat,Concrete Barrier,Bridge Deck
"1,085",7,LA,605,N,0,1,2,1,1,buffer,56,11.2,2,2,10,10,70,6,Flat,Concrete Barrier,Concrete
"1,086",7,LA,605,N,1,1,2,1,1,buffer,48,12,8,8,10,10,70,36,Flat,Concrete Barrier,Concrete
"1,087",7,LA,605,N,5,1,2,1,1,buffer,68,11.3,2,2,10,10,70,6,Flat,Concrete Barrier,Bridge Deck
"1,088",7,LA,605,N,30,1,2,1,1,buffer,48,12,8,8,10,10,70,36,Flat,Concrete Barrier,Concrete
"1,089",7,LA,605,N,38,1,2,1,4,mix,48,12,10,10,10,10,70,36,Flat,Concrete Barrier,Concrete
"1,090",7,LA,605,N,56,1,2,1,1,buffer,56,11.2,2,2,10,10,70,20,Flat,Concrete Barrier,Concrete
"1,091",7,LA,605,N,69,1,2,1,1,buffer,56,11.2,2,2,10,10,70,6,Flat,Concrete Barrier,Bridge Deck
"1,092",7,LA,605,N,0,1,2,1,2,mix,68,11.3,2,2,10,10,70,6,Flat,Concrete Barrier,Bridge Deck
"1,093",7,LA,605,N,0,1,2,1,1,buffer,48,12,8,8,10,10,70,36,Flat,Concrete Barrier,Concrete
"1,094",7,LA,605,N,0,1,2,1,1,buffer,56,11.2,2,2,10,10,70,6,Flat,Concrete Barrier,Bridge Deck
"1,095",7,LA,605,N,0,1,2,1,1,buffer,56,11.2,2,2,0,0,70,6,Flat,Concrete Barrier,Concrete
"1,096",7,LA,605,N,0,1,2,1,3,mix,56,11.2,2,2,0,0,70,6,Flat,Concrete Barrier,Concrete
"1,097",7,LA,605,N,0,1,2,1,1,buffer,48,12,10,10,10,10,70,36,Flat,Concrete Barrier,Concrete
"1,098",7,LA,605,N,0,1,2,1,1,buffer,68,11.3,2,2,10,10,70,6,Flat,Concrete Barrier,Concrete
"1,099",7,LA,605,N,2,1,2,1,1,buffer,48,12,10,10,10,10,70,36,Flat,Concrete Barrier,Concrete
"1,100",7,LA,605,N,4,1,2,1,2,mix,48,12,8,8,10,10,70,36,Flat,Concrete Barrier,Concrete
"1,101",7,LA,605,N,44,1,2,1,2,mix,48,12,10,10,10,10,70,36,Flat,Concrete Barrier,Concrete
"1,102",7,LA,605,N,0,1,2,1,1,buffer,56,11.2,2,2,10,10,70,6,Flat,Concrete Barrier,Concrete
"1,103",7,LA,605,N,1,1,1,0,2,mix,48,12,10,10,10,10,70,36,Flat,Concrete Barrier,Concrete
"1,104",7,LA,605,N,2,1,2,1,1,buffer,60,12,8,8,10,10,70,36,Flat,Concrete Barrier,Concrete
"1,105",7,LA,605,N,4,1,2,1,2,mix,48,12,10,10,10,10,70,36,Flat,Concrete Barrier,Concrete
"1,106",7,LA,605,N,4,1,2,1,1,buffer,68,11.3,2,2,10,10,70,6,Flat,Concrete Barrier,Concrete
"1,107",7,LA,605,N,25,2,2,3,4,mix,45,11.3,2,2,10,10,70,6,Flat,Concrete Barrier,Concrete
"1,108",7,LA,605,N,74,1,2,1,3,mix,56,11.2,2,2,10,10,70,6,Flat,Concrete Barrier,Bridge Deck
"1,109",7,LA,605,N,0,1,2,1,1,buffer,68,11.3,2,2,10,10,70,6,Flat,Concrete Barrier,Concrete
"1,110",7,LA,605,N,0,1,2,1,1,buffer,45,11.3,2,2,10,10,70,6,Flat,Concrete Barrier,Concrete
"1,111",7,LA,605,N,1,1,2,1,1,buffer,60,12,8,8,10,10,70,36,Flat,Concrete Barrier,Concrete
"1,112",7,LA,605,N,2,1,2,1,1,buffer,56,11.2,2,2,10,10,70,6,Flat,Concrete Barrier,Bridge Deck
"1,113",7,LA,605,N,0,1,2,1,1,buffer,48,12,8,8,10,10,70,36,Flat,Concrete Barrier,Concrete
"1,114",7,LA,605,N,7,1,2,1,1,buffer,56,11.2,2,2,10,10,70,6,Flat,Concrete Barrier,Concrete
"1,115",7,LA,605,N,0,1,2,1,1,buffer,68,11.3,2,2,10,10,70,6,Flat,Concrete Barrier,Bridge Deck
"1,116",7,LA,605,N,0,1,2,1,1,buffer,56,11.2,2,2,10,10,70,6,Flat,Concrete Barrier,Bridge Deck
"1,117",7,LA,605,N,38,1,2,1,1,buffer,68,11.3,2,2,11,11,70,6,Flat,Concrete Barrier,Concrete
"1,118",7,LA,605,S,1,1,2,1,1,buffer,68,11.3,2,2,10,10,70,6,Flat,Concrete Barrier,Concrete
"1,119",7,LA,605,S,0,1,1,0,2,mix,48,12,10,10,10,10,70,36,Flat,Concrete Barrier,Concrete
"1,120",7,LA,605,S,56,1,2,1,1,buffer,56,11.2,2,2,10,10,70,20,Flat,Concrete Barrier,Concrete
"1,121",7,LA,605,S,0,1,2,1,1,buffer,48,12,8,8,10,10,70,36,Flat,Concrete Barrier,Concrete
"1,122",7,LA,605,S,1,1,2,1,1,buffer,56,11.2,2,2,10,10,70,6,Flat,Concrete Barrier,Concrete
"1,123",7,LA,605,S,1,1,1,0,2,mix,56,11.2,2,2,10,10,70,6,Flat,Concrete Barrier,Concrete
"1,124",7,LA,605,S,4,1,2,1,1,buffer,56,11.2,2,2,10,10,70,6,Flat,Concrete Barrier,Bridge Deck
"1,125",7,LA,605,S,10,1,2,1,1,buffer,56,11.2,2,2,10,10,70,6,Flat,Concrete Barrier,Concrete
"1,126",7,LA,605,S,15,1,2,1,1,buffer,56,11.2,2,2,10,10,70,6,Flat,Concrete Barrier,Bridge Deck
"1,127",7,LA,605,S,0,1,2,1,1,buffer,56,11.2,2,2,10,10,70,6,Flat,Concrete Barrier,Bridge Deck
"1,128",7,LA,605,S,101,1,2,1,1,buffer,56,11.2,2,2,10,10,70,6,Flat,Concrete Barrier,Concrete
"1,129",7,LA,605,S,0,1,2,1,1,buffer,56,11.2,2,2,10,10,70,6,Flat,Concrete Barrier,Concrete
"1,130",7,LA,605,S,40,1,1,0,2,mix,56,11.2,2,2,10,10,70,6,Flat,Concrete Barrier,Concrete
"1,131",7,LA,605,S,0,1,2,1,1,buffer,48,12,8,8,10,10,70,36,Flat,Concrete Barrier,Concrete
"1,132",7,LA,605,S,0,1,1,0,2,mix,56,11.2,2,2,10,10,70,6,Flat,Concrete Barrier,Concrete
"1,133",7,LA,605,S,1,1,2,1,1,buffer,56,11.2,2,2,10,10,70,6,Flat,Concrete Barrier,Bridge Deck
"1,134",7,LA,605,S,2,1,2,1,1,buffer,48,12,10,10,10,10,70,36,Flat,Concrete Barrier,Concrete
"1,135",7,LA,605,S,16,1,1,0,2,mix,48,12,8,8,10,10,70,36,Flat,Concrete Barrier,Concrete
"1,136",7,LA,605,S,0,1,2,1,1,buffer,48,12,10,10,10,10,70,36,Flat,Concrete Barrier,Concrete
"1,137",7,LA,605,S,0,1,2,1,1,buffer,56,11.2,2,2,0,0,70,6,Flat,Concrete Barrier,Concrete
"1,138",7,LA,605,S,3,1,2,1,1,buffer,56,11.2,2,2,10,10,70,20,Flat,Concrete Barrier,Concrete
"1,139",7,LA,605,S,5,1,2,1,1,buffer,48,12,8,8,10,10,70,36,Flat,Concrete Barrier,Concrete
"1,140",7,LA,605,S,36,1,1,0,2,mix,56,11.2,2,2,10,10,70,6,Flat,Concrete Barrier,Concrete
"1,141",7,LA,605,S,0,1,2,1,2,mix,56,11.2,2,2,10,10,70,6,Flat,Concrete Barrier,Bridge Deck
"1,142",7,LA,605,S,2,1,2,1,1,buffer,48,12,10,10,10,10,70,36,Flat,Concrete Barrier,Concrete
"1,143",7,LA,605,S,2,1,2,1,1,buffer,56,11.2,2,2,10,10,70,6,Flat,Concrete Barrier,Concrete
"1,144",7,LA,605,S,0,1,2,1,1,buffer,48,12,8,8,10,10,70,36,Flat,Concrete Barrier,Concrete
"1,145",7,LA,605,S,4,1,2,1,1,buffer,56,11.2,2,2,10,10,70,6,Flat,Concrete Barrier,Concrete
"1,146",7,LA,605,S,8,1,2,1,2,mix,56,11.2,2,2,10,10,70,6,Flat,Concrete Barrier,Concrete
"1,147",7,LA,605,S,18,1,2,1,1,buffer,48,12,10,10,10,10,70,36,Flat,Concrete Barrier,Concrete
"1,148",7,LA,605,S,56,1,2,1,1,buffer,56,11.2,2,2,10,10,70,6,Flat,Concrete Barrier,Concrete
"1,149",7,LA,605,S,106,1,2,1,1,buffer,56,11.2,2,2,10,10,70,6,Flat,Concrete Barrier,Concrete
"1,150",7,LA,605,S,0,1,1,0,2,mix,56,11.2,2,2,10,10,70,6,Flat,Concrete Barrier,Concrete
"1,151",7,LA,605,S,0,1,2,1,2,mix,48,12,8,8,10,10,70,36,Flat,Concrete Barrier,Concrete
"1,152",7,LA,605,S,0,1,2,1,1,buffer,48,12,8,8,10,10,70,36,Flat,Concrete Barrier,Concrete
"1,153",7,LA,605,S,0,1,2,1,2,mix,56,11.2,2,2,10,10,70,6,Flat,Concrete Barrier,Bridge Deck
"1,154",7,LA,605,S,0,1,2,1,1,buffer,56,11.2,2,2,10,10,70,6,Flat,Concrete Barrier,Concrete
"1,155",7,LA,605,S,0,1,1,0,2,mix,48,12,8,8,10,10,70,36,Flat,Concrete Barrier,Concrete
"1,156",7,LA,605,S,11,1,2,1,2,mix,56,11.2,2,2,10,10,70,6,Flat,Concrete Barrier,Concrete
"1,157",7,LA,605,S,18,2,2,3,3,mix,56,11.2,2,2,10,10,70,6,Flat,Concrete Barrier,Concrete
"1,158",7,LA,605,S,20,1,2,1,1,buffer,56,11.2,2,2,10,10,70,6,Flat,Concrete Barrier,Concrete
"1,159",7,LA,605,S,23,1,2,1,1,buffer,48,12,8,8,10,10,70,36,Flat,Concrete Barrier,Concrete
"1,160",7,LA,605,S,131,1,2,1,1,buffer,56,11.2,2,2,10,10,70,6,Flat,Concrete Barrier,Concrete
"1,161",7,LA,605,S,0,1,2,1,1,buffer,48,12,10,10,10,10,70,36,Flat,Concrete Barrier,Concrete
"1,162",7,LA,605,S,43,1,2,1,2,mix,48,12,10,10,10,10,70,36,Flat,Concrete Barrier,Concrete
"1,163",7,LA,605,S,73,1,2,1,1,buffer,56,11.2,2,2,10,10,70,6,Flat,Concrete Barrier,Bridge Deck
"1,164",7,LA,605,S,113,1,2,1,2,mix,56,11.2,2,2,10,10,70,6,Flat,Concrete Barrier,Bridge Deck
"1,165",7,LA,605,S,0,1,2,1,2,mix,56,11.2,2,2,10,10,70,6,Flat,Concrete Barrier,Concrete
"1,166",7,LA,605,S,31,1,2,1,1,buffer,48,12,8,8,10,10,70,36,Flat,Concrete Barrier,Concrete
"1,167",7,LA,605,S,0,1,2,1,1,buffer,56,11.2,2,2,10,10,70,6,Flat,Concrete Barrier,Bridge Deck
"1,168",7,LA,605,S,2,1,2,1,3,mix,56,11.2,2,2,0,0,70,6,Flat,Concrete Barrier,Concrete
"1,169",7,LA,605,S,23,1,2,1,3,mix,68,11.3,2,2,10,10,70,6,Flat,Concrete Barrier,Bridge Deck
"1,170",7,LA,605,S,92,1,2,1,1,buffer,68,11.3,2,2,10,10,70,6,Flat,Concrete Barrier,Bridge Deck
"1,171",7,LA,605,S,0,1,2,1,1,buffer,68,11.3,2,2,10,10,70,6,Flat,Concrete Barrier,Concrete
"1,172",7,LA,605,S,0,1,2,1,1,buffer,56,11.2,2,2,10,10,70,6,Flat,Concrete Barrier,Concrete
"1,173",7,LA,605,S,32,1,2,1,1,buffer,56,11.2,2,2,0,0,70,6,Flat,Concrete Barrier,Concrete
"1,174",7,LA,605,S,0,1,1,0,2,mix,56,11.2,2,2,10,10,70,6,Flat,Concrete Barrier,Bridge Deck
"1,175",7,LA,605,S,1,1,2,1,1,buffer,48,12,10,10,10,10,70,6,Flat,Concrete Barrier,Concrete
"1,176",7,LA,605,S,0,1,2,1,1,buffer,48,12,8,8,10,10,70,36,Flat,Concrete Barrier,Concrete
"1,177",7,LA,605,S,20,1,2,1,3,mix,48,12,10,10,10,10,70,36,Flat,Concrete Barrier,Concrete
"1,178",7,LA,605,S,49,1,1,0,2,mix,56,11.2,2,2,10,10,70,6,Flat,Concrete Barrier,Bridge Deck
"1,179",8,SBD,10,E,4,1,1,0,2,mix,48,12,8,8,10,10,70,16,Flat,Metal Beam Barrier,Concrete
"1,180",8,SBD,10,E,1,1,2,1,1,buffer,48,12,8,8,10,10,70,24,Flat,Concrete Barrier,Concrete
"1,181",8,SBD,10,E,0,1,2,1,2,mix,48,12,7,7,10,10,70,16,Flat,Metal Beam Barrier,Concrete
"1,182",8,SBD,10,E,1,1,2,1,1,buffer,48,12,7,7,10,10,70,16,Flat,Metal Beam Barrier,Bridge Deck
"1,183",8,SBD,10,E,8,1,2,1,1,buffer,48,12,7,7,10,10,70,16,Flat,Metal Beam Barrier,Bridge Deck
"1,184",8,SBD,10,E,25,1,1,0,2,mix,48,12,7,7,10,10,70,16,Flat,Metal Beam Barrier,Bridge Deck
"1,185",8,SBD,10,E,15,1,2,1,1,buffer,48,12,7,7,10,10,70,16,Flat,Metal Beam Barrier,Concrete
"1,186",8,SBD,10,E,32,1,2,1,1,buffer,48,12,7,7,10,10,70,16,Flat,Metal Beam Barrier,Bridge Deck
"1,187",8,SBD,10,E,1,1,2,1,2,mix,48,12,7,7,10,10,70,16,Flat,Metal Beam Barrier,Concrete
"1,188",8,SBD,10,E,8,1,2,1,2,mix,48,12,8,8,10,10,70,99,Flat,Guardrail,Concrete
"1,189",8,SBD,10,E,1,1,2,1,1,buffer,48,12,8,8,10,10,70,99,Flat,Guardrail,Concrete
"1,190",8,SBD,10,E,3,1,2,1,2,mix,48,12,8,8,10,10,70,16,Flat,Metal Beam Barrier,Concrete
"1,191",8,SBD,10,E,23,1,2,1,1,buffer,48,12,7,7,10,10,70,16,Flat,Metal Beam Barrier,Concrete
"1,192",8,SBD,10,E,7,1,2,1,1,buffer,48,12,7,7,10,10,70,16,Flat,Metal Beam Barrier,Concrete
"1,193",8,SBD,10,E,11,1,2,1,2,mix,48,12,7,7,10,10,70,16,Flat,Metal Beam Barrier,Bridge Deck
"1,194",8,SBD,10,E,14,1,2,1,1,buffer,48,12,7,7,10,10,70,16,Flat,Metal Beam Barrier,Concrete
"1,195",8,SBD,10,E,49,1,2,1,1,buffer,48,12,8,8,10,10,70,99,Flat,Guardrail,Concrete
"1,196",8,SBD,10,E,0,1,2,1,1,buffer,48,12,7,7,10,10,70,16,Flat,Metal Beam Barrier,Concrete
"1,197",8,SBD,10,E,11,1,2,1,1,buffer,48,12,7,7,10,10,70,16,Flat,Metal Beam Barrier,Bridge Deck
"1,198",8,SBD,10,E,18,1,2,1,1,buffer,48,12,7,7,10,10,70,16,Flat,Metal Beam Barrier,Bridge Deck
"1,199",8,SBD,10,E,3,1,2,1,1,buffer,48,12,7,7,10,10,70,16,Flat,Metal Beam Barrier,Bridge Deck
"1,200",8,SBD,10,E,8,1,2,1,1,buffer,48,12,7,7,10,10,70,16,Flat,Metal Beam Barrier,Concrete
"1,201",8,SBD,10,E,54,1,2,1,1,buffer,48,12,7,7,10,10,70,16,Flat,Metal Beam Barrier,Concrete
"1,202",8,SBD,10,E,63,1,1,0,2,mix,48,12,8,8,10,10,70,24,Flat,Concrete Barrier,Concrete
"1,203",8,SBD,10,E,15,1,2,1,1,buffer,48,12,7,7,10,10,70,16,Flat,Metal Beam Barrier,Concrete
"1,204",8,SBD,10,W,0,1,1,0,2,mix,48,12,7,7,10,10,70,16,Flat,Metal Beam Barrier,Concrete
"1,205",8,SBD,10,W,22,1,2,1,1,buffer,48,12,7,7,10,10,70,16,Flat,Metal Beam Barrier,Concrete
"1,206",8,SBD,10,W,0,1,2,1,1,buffer,48,12,7,7,10,10,70,16,Flat,Metal Beam Barrier,Concrete
"1,207",8,SBD,10,W,23,1,2,1,1,buffer,48,12,7,7,10,10,70,16,Flat,Metal Beam Barrier,Bridge Deck
"1,208",8,SBD,10,W,37,1,1,0,1,continuous,48,12,8,8,10,10,70,24,Flat,Concrete Barrier,Concrete
"1,209",8,SBD,10,W,31,1,2,1,1,buffer,48,12,7,7,10,10,70,16,Flat,Metal Beam Barrier,Bridge Deck
"1,210",8,SBD,10,W,10,1,2,1,1,buffer,48,12,8,8,10,10,70,24,Flat,Concrete Barrier,Concrete
"1,211",8,SBD,10,W,42,1,2,1,1,buffer,48,12,8,8,10,10,70,16,Flat,Metal Beam Barrier,Concrete
"1,212",8,SBD,10,W,34,1,2,1,1,buffer,48,12,7,7,10,10,70,16,Flat,Metal Beam Barrier,Concrete
"1,213",8,SBD,10,W,6,1,2,1,1,buffer,48,12,7,7,10,10,70,16,Flat,Metal Beam Barrier,Bridge Deck
"1,214",8,SBD,10,W,9,1,2,1,1,buffer,48,12,7,7,10,10,70,16,Flat,Metal Beam Barrier,Bridge Deck
"1,215",8,SBD,10,W,4,1,2,1,1,buffer,48,12,7,7,10,10,70,16,Flat,Metal Beam Barrier,Bridge Deck
"1,216",8,SBD,10,W,5,1,2,1,2,mix,48,12,7,7,10,10,70,16,Flat,Metal Beam Barrier,Bridge Deck
"1,217",8,SBD,10,W,8,1,2,1,1,buffer,48,12,7,7,10,10,70,16,Flat,Metal Beam Barrier,Bridge Deck
"1,218",8,SBD,10,W,28,1,2,1,2,mix,48,12,8,8,10,10,70,24,Flat,Concrete Barrier,Concrete
"1,219",8,SBD,10,W,5,1,2,1,3,mix,48,12,7,7,10,10,70,16,Flat,Metal Beam Barrier,Concrete
"1,220",8,SBD,10,W,9,1,2,1,1,buffer,48,12,7,7,10,10,70,16,Flat,Metal Beam Barrier,Concrete
"1,221",8,SBD,10,W,37,1,2,1,1,buffer,48,12,7,7,10,10,70,16,Flat,Metal Beam Barrier,Concrete
"1,222",8,SBD,10,W,37,1,2,1,1,buffer,48,12,7,7,10,10,70,16,Flat,Metal Beam Barrier,Concrete
"1,223",8,SBD,10,W,0,1,2,1,1,buffer,48,12,8,8,10,10,70,16,Flat,Metal Beam Barrier,Concrete
"1,224",8,SBD,10,W,1,1,2,1,1,buffer,48,12,7,7,10,10,70,16,Flat,Metal Beam Barrier,Bridge Deck
"1,225",8,SBD,10,W,0,1,1,0,2,mix,48,12,8,8,10,10,70,24,Flat,Concrete Barrier,Concrete
"1,226",8,SBD,10,W,0,1,1,0,2,mix,48,12,7,7,10,10,70,16,Flat,Metal Beam Barrier,Concrete
"1,227",8,SBD,10,W,11,1,1,0,2,mix,48,12,7,7,10,10,70,16,Flat,Metal Beam Barrier,Bridge Deck
"1,228",8,SBD,10,W,1,1,2,1,1,buffer,48,12,8,8,10,10,70,24,Flat,Concrete Barrier,Concrete
"1,229",8,SBD,10,W,5,1,2,1,1,buffer,48,12,7,7,10,10,70,16,Flat,Metal Beam Barrier,Bridge Deck
"1,230",8,RIV,60,E,22,1,2,1,1,buffer,28,14,0,0,0,0,70,46,Flat,Bridge barrier,Bridge Deck
"1,231",8,RIV,60,E,9,1,2,1,2,mix,36,12,5,5,13,10,70,70,Flat,Concrete Barrier,Concrete
"1,232",8,SBD,60,E,22,1,1,0,1,continuous,36,12,5,5,10,10,70,70,Flat,Guardrail,Concrete
"1,233",8,RIV,60,E,3,1,1,0,1,continuous,36,12,5,5,10,10,70,70,Flat,No Barriers,Concrete
"1,234",8,SBD,60,E,5,1,1,0,1,continuous,36,12,5,5,10,10,70,70,Flat,Guardrail,Concrete
"1,235",8,RIV,60,E,11,1,1,0,1,continuous,24,12,5,5,8,8,70,46,Rolling,Concrete Barrier,Base & Surface
"1,236",8,SBD,60,E,1,1,1,0,1,continuous,36,12,5,5,10,10,70,70,Flat,Guardrail,Concrete
"1,237",8,RIV,60,E,1,1,2,1,2,mix,36,12,5,5,10,10,70,70,Flat,No Barriers,Concrete
"1,238",8,RIV,60,E,1,1,1,0,1,continuous,24,12,0,0,8,8,70,46,Rolling,No Barriers,Base & Surface
"1,239",8,RIV,60,E,4,1,1,0,1,continuous,24,12,5,2,8,8,70,46,Rolling,No Barriers,Base & Surface
"1,240",8,RIV,60,E,13,1,1,0,1,continuous,24,12,5,2,8,8,70,46,Flat,Metal Beam Barrier,Concrete
"1,241",8,SBD,60,E,0,1,1,0,2,mix,36,12,5,5,10,10,70,70,Flat,Guardrail,Concrete
"1,242",8,RIV,60,E,0,1,2,1,2,mix,36,12,5,5,10,10,70,70,Flat,No Barriers,Concrete
"1,243",8,RIV,60,E,0,1,1,0,1,continuous,24,12,5,5,8,8,70,46,Rolling,Concrete Barrier,Base & Surface
"1,244",8,SBD,60,E,10,1,1,0,1,continuous,36,12,5,5,10,10,70,70,Flat,Guardrail,Concrete
"1,245",8,SBD,60,E,0,1,1,0,1,continuous,36,12,5,5,10,10,70,70,Flat,Guardrail,Concrete
"1,246",8,RIV,60,E,0,1,1,0,1,continuous,24,12,5,5,8,8,70,46,Rolling,No Barriers,Base & Surface
"1,247",8,RIV,60,E,13,1,1,0,5,mix,36,12,10,10,8,8,70,22,Flat,Concrete Barrier,Concrete
"1,248",8,SBD,60,E,20,1,1,0,1,continuous,36,12,5,5,10,10,70,70,Flat,Guardrail,Concrete
"1,249",8,RIV,60,E,39,1,2,1,1,buffer,36,12,5,5,10,10,70,54,Flat,Concrete Barrier,Concrete
"1,250",8,SBD,60,E,1,1,1,0,1,continuous,36,12,5,5,10,10,70,70,Flat,Guardrail,Concrete
"1,251",8,RIV,60,E,1,1,2,1,1,buffer,36,12,5,5,10,10,70,70,Flat,No Barriers,Concrete
"1,252",8,SBD,60,E,2,1,1,0,1,continuous,36,12,5,5,10,10,70,70,Flat,Guardrail,Concrete
"1,253",8,RIV,60,E,6,1,1,0,1,continuous,24,12,5,2,8,8,70,46,Flat,Metal Beam Barrier,Concrete
"1,254",8,RIV,60,E,8,1,2,1,1,buffer,24,12,5,2,8,8,70,46,Flat,Metal Beam Barrier,Concrete
"1,255",8,SBD,60,E,22,1,1,0,1,continuous,36,12,5,5,10,10,70,70,Flat,Guardrail,Concrete
"1,256",8,SBD,60,E,27,1,1,0,1,continuous,36,12,5,5,10,10,70,70,Flat,Guardrail,Concrete
"1,257",8,RIV,60,E,0,1,2,1,1,buffer,24,12,5,2,8,8,70,46,Flat,Metal Beam Barrier,Concrete
"1,258",8,RIV,60,E,0,1,1,0,1,continuous,24,12,5,5,8,8,70,46,Rolling,No Barriers,Base & Surface
"1,259",8,SBD,60,E,1,1,1,0,1,continuous,36,12,5,5,10,10,70,70,Flat,Guardrail,Concrete
"1,260",8,SBD,60,E,1,1,1,0,1,continuous,36,12,5,5,10,10,70,70,Flat,Guardrail,Concrete
"1,261",8,RIV,60,E,3,1,2,1,2,mix,24,12,5,2,8,8,70,46,Flat,Metal Beam Barrier,Concrete
"1,262",8,RIV,60,E,4,1,1,0,1,continuous,24,12,5,2,8,8,70,46,Rolling,No Barriers,Base & Surface
"1,263",8,RIV,60,E,14,1,2,1,1,buffer,36,12,5,5,13,10,70,70,Flat,Concrete Barrier,Concrete
"1,264",8,SBD,60,E,16,1,1,0,1,continuous,36,12,5,5,10,10,70,70,Flat,Guardrail,Concrete
"1,265",8,RIV,60,E,16,1,2,1,1,buffer,28,14,0,0,0,0,70,46,Flat,Bridge barrier,Bridge Deck
"1,266",8,SBD,60,E,18,1,1,0,1,continuous,36,12,5,5,10,10,70,70,Flat,Guardrail,Concrete
"1,267",8,SBD,60,E,29,1,1,0,1,continuous,36,12,5,5,10,10,70,70,Flat,Guardrail,Concrete
"1,268",8,RIV,60,E,1,1,2,1,2,mix,24,12,5,2,8,8,70,46,Flat,Metal Beam Barrier,Concrete
"1,269",8,RIV,60,E,4,1,1,0,1,continuous,24,12,5,5,8,8,70,46,Rolling,No Barriers,Base & Surface
"1,270",8,RIV,60,E,6,1,2,1,2,mix,36,12,5,5,10,10,70,54,Flat,Concrete Barrier,Concrete
"1,271",8,SBD,60,E,17,1,1,0,1,continuous,36,12,5,5,10,10,70,70,Flat,Guardrail,Concrete
"1,272",8,RIV,60,E,21,1,1,0,1,continuous,24,12,5,5,8,8,70,46,Rolling,Concrete Barrier,Base & Surface
"1,273",8,RIV,60,E,24,1,1,0,2,mix,36,12,5,5,10,10,70,70,Flat,Guardrail,Concrete
"1,274",8,RIV,60,E,0,1,2,1,2,mix,36,12,5,5,13,10,70,70,Flat,Concrete Barrier,Concrete
"1,275",8,RIV,60,E,0,1,1,0,1,continuous,24,12,5,5,8,8,70,46,Rolling,Concrete Barrier,Base & Surface
"1,276",8,RIV,60,E,1,1,1,0,1,continuous,36,12,5,5,10,10,70,70,Flat,No Barriers,Concrete
"1,277",8,RIV,60,E,2,1,1,0,1,continuous,24,12,5,5,8,8,70,46,Rolling,Concrete Barrier,Base & Surface