FID,District,County,Route,Direction,Accidents,Lanes,Access1,Limited,AccessNum,AccessType,RoadWidth,LaneWidth,InnerShoulderWidth,InnerShoulderTreatedWidth,OuterShoulderWidth,OuterShoulderTreatedWidth,DesignSpeedLimit,InnerMedianWidth,Terrain,Barrier,Surface
"1,685",8,SBD,210,W,1,1,1,0,2,mix,52,13,11,11,11,11,70,45,Flat,Concrete Barrier,Concrete
"1,686",8,SBD,210,W,2,1,1,0,1,continuous,52,13,10,10,10,10,70,45,Flat,Concrete Barrier,Concrete
"1,687",8,SBD,215,N,1,1,1,0,1,continuous,24,12,0,0,0,0,70,99,Flat,Guardrail,Concrete
"1,688",8,SBD,215,N,1,1,1,0,1,continuous,36,12,8,8,11,8,70,22,Flat,Concrete Barrier,Base & Surface
"1,689",8,RIV,215,N,0,1,1,0,1,continuous,36,12,5,5,8,8,70,30,Rolling,Concrete Barrier,Base & Surface
"1,690",8,SBD,215,N,5,1,1,0,1,continuous,24,12,0,0,0,0,70,99,Flat,Guardrail,Concrete
"1,691",8,RIV,215,N,37,1,1,0,1,continuous,36,12,10,10,8,8,70,20,Flat,Concrete Barrier,Bridge Deck
"1,692",8,SBD,215,N,4,1,1,0,2,mix,48,12,5,5,13,13,70,16,Flat,Metal Beam Barrier,Bridge Deck
"1,693",8,SBD,215,N,4,1,1,0,1,continuous,36,12,5,2,8,8,70,22,Flat,Metal Beam Barrier,Concrete
"1,694",8,RIV,215,N,7,1,1,0,1,continuous,36,12,5,5,8,8,70,99,Rolling,Bridge barrier,Base & Surface
"1,695",8,RIV,215,N,30,1,1,0,1,continuous,48,16,8,8,11,8,70,18,Flat,Concrete Barrier,Base & Surface
"1,696",8,RIV,215,N,49,1,1,0,1,continuous,36,12,5,5,8,8,70,30,Rolling,Concrete Barrier,Base & Surface
"1,697",8,SBD,215,N,0,1,1,0,1,continuous,36,12,0,0,8,8,70,22,Flat,Metal Beam Barrier,Base & Surface
"1,698",8,SBD,215,N,4,1,1,0,1,continuous,36,12,5,5,8,8,70,90,Flat,No Barriers,Concrete
"1,699",8,RIV,215,N,32,1,1,0,1,continuous,36,12,5,5,8,8,70,30,Rolling,Concrete Barrier,Base & Surface
"1,700",8,RIV,215,N,9,1,1,0,1,continuous,36,12,5,5,8,8,70,30,Rolling,Concrete Barrier,Base & Surface
"1,701",8,RIV,215,N,19,1,1,0,2,mix,36,12,8,8,11,8,70,22,Flat,Concrete Barrier,Base & Surface
"1,702",8,RIV,215,N,0,1,1,0,1,continuous,48,16,8,8,11,8,70,18,Flat,Concrete Barrier,Base & Surface
"1,703",8,RIV,215,N,0,1,1,0,1,continuous,48,16,8,8,11,8,70,18,Flat,Concrete Barrier,Base & Surface
"1,704",8,SBD,215,N,1,1,1,0,1,continuous,36,12,0,0,8,8,70,22,Flat,Metal Beam Barrier,Base & Surface
"1,705",8,SBD,215,N,3,1,1,0,1,continuous,36,12,5,2,8,8,70,48,Flat,No Barriers,Concrete
"1,706",8,SBD,215,N,6,1,1,0,1,continuous,36,12,5,2,8,8,70,48,Flat,No Barriers,Concrete
"1,707",8,SBD,215,N,7,1,1,0,1,continuous,36,12,8,8,11,8,70,22,Flat,Concrete Barrier,Base & Surface
"1,708",8,RIV,215,N,12,1,1,0,1,continuous,36,12,5,5,8,8,70,30,Rolling,Concrete Barrier,Base & Surface
"1,709",8,SBD,215,N,3,1,1,0,1,continuous,36,12,5,5,8,8,70,22,Flat,Guardrail,Concrete
"1,710",8,SBD,215,N,4,1,1,0,1,continuous,36,12,0,0,8,8,70,22,Flat,Metal Beam Barrier,Base & Surface
"1,711",8,SBD,215,N,4,1,1,0,1,continuous,36,12,0,0,8,8,70,22,Flat,Metal Beam Barrier,Base & Surface
"1,712",8,SBD,215,N,5,1,1,0,1,continuous,36,12,5,5,8,8,70,22,Flat,Guardrail,Concrete
"1,713",8,SBD,215,N,14,1,1,0,1,continuous,36,12,8,8,11,8,70,22,Flat,Concrete Barrier,Base & Surface
"1,714",8,RIV,215,N,24,1,1,0,2,mix,36,12,5,5,8,8,70,99,Rolling,Bridge barrier,Base & Surface
"1,715",8,SBD,215,N,0,1,1,0,1,continuous,48,12,0,0,13,10,70,22,Flat,Metal Beam Barrier,Concrete
"1,716",8,SBD,215,N,0,1,1,0,1,continuous,48,12,0,0,13,10,70,22,Flat,Metal Beam Barrier,Concrete
"1,717",8,RIV,215,N,36,1,1,0,1,continuous,48,16,8,8,11,8,70,18,Flat,Concrete Barrier,Base & Surface
"1,718",8,SBD,215,N,36,1,1,0,1,continuous,36,12,8,8,11,8,70,22,Flat,Concrete Barrier,Base & Surface
"1,719",8,SBD,215,N,3,1,1,0,1,continuous,36,12,8,8,11,8,70,22,Flat,Concrete Barrier,Base & Surface
"1,720",8,SBD,215,N,4,1,1,0,1,continuous,36,12,5,2,8,8,70,22,Flat,Metal Beam Barrier,Concrete
"1,721",8,RIV,215,N,13,1,2,1,3,mix,36,12,5,5,8,8,70,99,Rolling,Bridge barrier,Base & Surface
"1,722",8,RIV,215,N,13,1,1,0,1,continuous,36,12,10,10,8,8,70,20,Flat,Concrete Barrier,Bridge Deck
"1,723",8,SBD,215,N,13,1,1,0,1,continuous,36,12,8,8,11,8,70,22,Flat,Concrete Barrier,Base & Surface
"1,724",8,RIV,215,N,4,1,1,0,1,continuous,36,12,10,10,8,8,70,20,Flat,Concrete Barrier,Bridge Deck
"1,725",8,SBD,215,N,8,1,1,0,1,continuous,36,12,5,2,8,8,70,22,Flat,Metal Beam Barrier,Concrete
"1,726",8,SBD,215,N,9,1,1,0,1,continuous,36,12,8,8,11,8,70,22,Flat,Concrete Barrier,Base & Surface
"1,727",8,SBD,215,N,11,1,1,0,2,mix,36,12,5,2,8,8,70,22,Flat,Metal Beam Barrier,Concrete
"1,728",8,SBD,215,N,0,1,1,0,1,continuous,36,12,8,8,11,8,70,22,Flat,Concrete Barrier,Base & Surface
"1,729",8,RIV,215,N,14,1,1,0,1,continuous,36,12,10,10,8,8,70,20,Flat,Concrete Barrier,Bridge Deck
"1,730",8,SBD,215,N,0,1,1,0,1,continuous,24,12,0,0,0,0,70,99,Flat,Guardrail,Concrete
"1,731",8,SBD,215,N,12,1,1,0,1,continuous,48,12,0,0,13,10,70,22,Flat,Metal Beam Barrier,Concrete
"1,732",8,RIV,215,N,47,1,1,0,1,continuous,36,12,5,5,8,8,70,30,Rolling,Concrete Barrier,Base & Surface
"1,733",8,RIV,215,N,0,1,1,0,1,continuous,48,16,8,8,11,8,70,18,Flat,Concrete Barrier,Base & Surface
"1,734",8,SBD,215,N,3,1,1,0,1,continuous,36,12,5,5,8,8,70,90,Flat,No Barriers,Concrete
"1,735",8,RIV,215,N,9,1,1,0,1,continuous,36,12,5,5,8,8,70,30,Rolling,Concrete Barrier,Base & Surface
"1,736",8,SBD,215,S,4,1,1,0,1,continuous,36,12,8,8,11,8,70,22,Flat,Concrete Barrier,Base & Surface
"1,737",8,RIV,215,S,9,1,1,0,1,continuous,36,12,5,5,8,8,70,30,Rolling,Concrete Barrier,Base & Surface
"1,738",8,RIV,215,S,27,1,1,0,1,continuous,36,12,5,5,8,8,70,30,Rolling,Concrete Barrier,Base & Surface
"1,739",8,SBD,215,S,12,1,1,0,1,continuous,36,12,5,2,8,8,70,90,Flat,No Barriers,Concrete
"1,740",8,RIV,215,S,7,1,1,0,2,mix,36,12,5,5,8,8,70,99,Rolling,Bridge barrier,Bridge Deck
"1,741",8,RIV,215,S,9,1,1,0,1,continuous,36,12,5,5,8,8,70,30,Rolling,Concrete Barrier,Base & Surface
"1,742",8,SBD,215,S,12,1,1,0,1,continuous,36,12,5,2,8,8,70,22,Flat,Guardrail,Concrete
"1,743",8,SBD,215,S,0,1,1,0,1,continuous,24,12,5,2,8,8,70,60,Rolling,Metal Beam Barrier,Concrete
"1,744",8,SBD,215,S,7,1,1,0,2,mix,36,12,5,2,8,8,70,22,Flat,Metal Beam Barrier,Concrete
"1,745",8,SBD,215,S,91,1,1,0,1,continuous,36,12,8,8,11,8,70,22,Flat,Concrete Barrier,Base & Surface
"1,746",8,SBD,215,S,11,1,1,0,1,continuous,36,12,8,8,11,8,70,22,Flat,Concrete Barrier,Base & Surface
"1,747",8,RIV,215,S,20,1,1,0,1,continuous,36,12,10,10,8,8,70,20,Flat,Concrete Barrier,Bridge Deck
"1,748",8,SBD,215,S,6,1,1,0,1,continuous,48,12,0,0,10,10,70,22,Flat,Metal Beam Barrier,Base & Surface
"1,749",8,SBD,215,S,12,1,1,0,1,continuous,36,12,8,8,11,8,70,22,Flat,Concrete Barrier,Base & Surface
"1,750",8,SBD,215,S,20,1,1,0,1,continuous,36,12,8,8,11,8,70,22,Flat,Concrete Barrier,Base & Surface
"1,751",8,RIV,215,S,46,1,1,0,3,mix,36,12,8,8,11,8,70,18,Flat,Concrete Barrier,Base & Surface
"1,752",8,SBD,215,S,1,1,1,0,1,continuous,24,12,5,2,8,8,70,60,Rolling,Metal Beam Barrier,Concrete
"1,753",8,SBD,215,S,2,1,1,0,1,continuous,48,12,0,0,10,10,70,22,Flat,Metal Beam Barrier,Base & Surface
"1,754",8,SBD,215,S,5,1,1,0,1,continuous,48,12,0,0,10,10,70,22,Flat,Metal Beam Barrier,Base & Surface
"1,755",8,SBD,215,S,8,1,1,0,1,continuous,36,12,5,2,8,8,70,22,Flat,Metal Beam Barrier,Concrete
"1,756",8,RIV,215,S,19,1,1,0,2,mix,36,12,8,8,11,8,70,22,Flat,Concrete Barrier,Base & Surface
"1,757",8,SBD,215,S,25,1,1,0,1,continuous,36,12,5,2,8,8,70,22,Flat,Metal Beam Barrier,Concrete
"1,758",8,SBD,215,S,30,1,1,0,1,continuous,48,12,0,0,10,10,70,22,Flat,Metal Beam Barrier,Base & Surface
"1,759",8,RIV,215,S,37,1,1,0,1,continuous,36,12,5,5,8,8,70,65,Rolling,No Barriers,Base & Surface
"1,760",8,SBD,215,S,8,1,1,0,1,continuous,36,12,5,2,8,8,70,22,Flat,Metal Beam Barrier,Concrete
"1,761",8,SBD,215,S,10,1,1,0,1,continuous,36,12,5,2,8,8,70,90,Flat,No Barriers,Concrete
"1,762",8,RIV,215,S,12,1,1,0,1,continuous,36,12,8,8,11,8,70,18,Flat,Concrete Barrier,Base & Surface
"1,763",8,RIV,215,S,31,1,1,0,1,continuous,36,12,10,10,8,8,70,20,Flat,Concrete Barrier,Concrete
"1,764",8,RIV,215,S,0,1,1,0,1,continuous,36,12,8,8,11,8,70,18,Flat,Concrete Barrier,Base & Surface
"1,765",8,SBD,215,S,2,1,1,0,1,continuous,36,12,5,2,8,8,70,90,Flat,No Barriers,Concrete
"1,766",8,RIV,215,S,7,1,1,0,1,continuous,36,12,5,5,8,8,70,30,Rolling,Concrete Barrier,Base & Surface
"1,767",8,RIV,215,S,0,1,1,0,1,continuous,36,12,8,8,11,8,70,18,Flat,Concrete Barrier,Base & Surface
"1,768",8,SBD,215,S,0,1,1,0,1,continuous,24,12,5,2,8,8,70,60,Rolling,Metal Beam Barrier,Concrete
"1,769",8,SBD,215,S,0,1,1,0,1,continuous,48,12,0,0,10,10,70,22,Flat,Metal Beam Barrier,Base & Surface
"1,770",8,SBD,215,S,6,1,1,0,1,continuous,36,12,5,2,8,8,70,22,Flat,Metal Beam Barrier,Concrete
"1,771",8,SBD,215,S,9,1,1,0,1,continuous,36,12,8,8,11,8,70,22,Flat,Concrete Barrier,Base & Surface
"1,772",8,SBD,215,S,11,1,1,0,1,continuous,36,12,5,2,8,8,70,22,Flat,Metal Beam Barrier,Concrete
"1,773",8,RIV,215,S,9,1,1,0,1,continuous,36,12,10,10,8,8,70,20,Flat,Concrete Barrier,Bridge Deck
"1,774",8,SBD,215,S,11,1,1,0,2,mix,36,12,5,2,8,8,70,22,Flat,Metal Beam Barrier,Concrete
"1,775",8,SBD,215,S,1,1,1,0,1,continuous,36,12,5,2,8,8,70,22,Flat,Guardrail,Concrete
"1,776",8,SBD,215,S,1,1,1,0,1,continuous,36,12,8,8,11,8,70,22,Flat,Concrete Barrier,Base & Surface
"1,777",8,RIV,215,S,1,1,1,0,1,continuous,36,12,5,5,8,8,70,30,Rolling,Concrete Barrier,Base & Surface
"1,778",8,SBD,215,S,2,1,1,0,1,continuous,36,12,5,2,8,8,70,22,Flat,Guardrail,Concrete
"1,779",8,RIV,215,S,4,1,1,0,1,continuous,36,12,5,5,8,8,70,30,Rolling,Concrete Barrier,Base & Surface
"1,780",8,RIV,215,S,7,1,1,0,1,continuous,36,12,5,5,8,8,70,30,Rolling,Concrete Barrier,Base & Surface
"1,781",8,SBD,215,S,3,1,1,0,1,continuous,36,12,8,8,11,8,70,22,Flat,Concrete Barrier,Base & Surface
"1,782",8,RIV,215,S,4,1,1,0,1,continuous,36,12,10,10,8,8,70,20,Flat,Concrete Barrier,Concrete
"1,783",8,RIV,215,S,9,1,1,0,2,mix,36,12,5,5,8,8,70,65,Rolling,No Barriers,Base & Surface
"1,784",8,SBD,215,S,17,1,1,0,1,continuous,36,12,8,8,11,8,70,22,Flat,Concrete Barrier,Base & Surface
"1,785",8,SBD,215,S,4,1,1,0,1,continuous,36,12,5,2,8,8,70,22,Flat,Metal Beam Barrier,Concrete
"1,786",11,SD,5,N,18,1,2,1,1,buffer,48,12,8,8,10,10,70,36,Rolling,Metal Beam Barrier,Concrete
"1,787",11,SD,5,N,69,1,2,1,1,buffer,48,12,8,8,10,10,70,36,Rolling,Concrete Barrier,Concrete
"1,788",11,SD,5,N,5,1,2,1,2,mix,60,12,8,8,10,10,70,36,Rolling,Concrete Barrier,Concrete
"1,789",11,SD,5,N,9,1,2,1,1,buffer,48,12,8,8,10,10,70,36,Rolling,Bridge barrier,Bridge Deck
"1,790",11,SD,5,N,13,1,2,1,1,buffer,48,12,8,8,10,10,70,36,Rolling,Concrete Barrier,Concrete
"1,791",11,SD,5,N,6,1,2,1,1,buffer,48,12,8,8,11,11,70,36,Rolling,Concrete Barrier,Concrete
"1,792",11,SD,5,N,0,1,2,1,3,mix,48,12,8,8,11,11,70,36,Rolling,Concrete Barrier,Concrete
"1,793",11,SD,5,N,21,1,2,1,1,buffer,72,12,8,8,10,10,70,36,Rolling,Metal Beam Barrier,Concrete
"1,794",11,SD,5,N,0,1,2,1,2,mix,48,12,8,8,10,10,70,36,Rolling,Concrete Barrier,Concrete
"1,795",11,SD,5,N,7,1,2,1,3,mix,48,12,8,8,10,10,70,36,Rolling,Bridge barrier,Bridge Deck
"1,796",11,SD,5,N,48,1,2,1,1,buffer,48,12,8,8,11,11,70,36,Rolling,Concrete Barrier,Concrete
"1,797",11,SD,5,N,15,1,2,1,1,buffer,48,12,8,8,11,11,70,36,Rolling,Concrete Barrier,Concrete
"1,798",11,SD,5,N,25,1,2,1,1,buffer,72,12,8,8,10,10,70,36,Rolling,Metal Beam Barrier,Concrete
"1,799",11,SD,5,N,15,1,2,1,1,buffer,72,12,8,8,10,10,70,36,Rolling,Metal Beam Barrier,Concrete
"1,800",11,SD,5,N,0,1,2,1,1,buffer,48,12,8,8,11,11,70,36,Rolling,Concrete Barrier,Concrete
"1,801",11,SD,5,N,4,1,2,1,1,buffer,60,12,8,8,10,10,70,36,Rolling,Concrete Barrier,Concrete
"1,802",11,SD,5,N,0,1,2,1,1,buffer,48,12,8,8,10,10,70,36,Rolling,Metal Beam Barrier,Concrete
"1,803",11,SD,5,N,3,1,1,0,2,mix,72,12,8,8,10,10,70,36,Rolling,Metal Beam Barrier,Concrete
"1,804",11,SD,5,N,30,1,2,1,1,buffer,48,12,8,8,10,10,70,36,Rolling,Metal Beam Barrier,Concrete
"1,805",11,SD,5,N,0,1,2,1,1,buffer,72,12,8,8,10,10,70,36,Rolling,Metal Beam Barrier,Concrete
"1,806",11,SD,5,N,16,1,1,0,2,mix,48,12,8,8,10,10,70,36,Rolling,Concrete Barrier,Concrete
"1,807",11,SD,5,S,6,1,2,1,1,buffer,48,12,9,9,10,10,70,36,Rolling,Metal Beam Barrier,Concrete
"1,808",11,SD,5,S,1,1,2,1,2,mix,60,12,8,8,10,10,70,36,Rolling,Metal Beam Barrier,Concrete
"1,809",11,SD,5,S,8,1,2,1,1,buffer,60,12,9,9,10,10,70,36,Rolling,Concrete Barrier,Concrete
"1,810",11,SD,5,S,13,1,2,1,1,buffer,48,12,8,8,10,10,70,36,Rolling,Metal Beam Barrier,Concrete
"1,811",11,SD,5,S,0,1,2,1,1,buffer,60,12,12,12,10,10,70,36,Rolling,Concrete Barrier,Concrete
"1,812",11,SD,5,S,5,1,1,0,2,mix,48,12,8,8,10,10,70,36,Rolling,Concrete Barrier,Concrete
"1,813",11,SD,5,S,14,1,2,1,1,buffer,60,12,9,9,10,10,70,36,Rolling,Concrete Barrier,Concrete
"1,814",11,SD,5,S,4,1,2,1,1,buffer,60,12,12,12,10,10,70,36,Rolling,Concrete Barrier,Concrete
"1,815",11,SD,5,S,1,1,2,1,1,buffer,48,12,8,8,10,10,70,36,Rolling,Metal Beam Barrier,Concrete
"1,816",11,SD,5,S,1,1,2,1,1,buffer,48,12,9,9,10,10,70,36,Rolling,Metal Beam Barrier,Concrete
"1,817",11,SD,5,S,6,1,2,1,3,mix,48,12,8,8,10,10,70,36,Rolling,Metal Beam Barrier,Concrete
"1,818",11,SD,5,S,8,1,2,1,1,buffer,48,12,9,9,10,10,70,36,Rolling,Concrete Barrier,Concrete
"1,819",11,SD,5,S,0,1,2,1,1,buffer,60,12,9,9,10,10,70,36,Rolling,Concrete Barrier,Concrete
"1,820",11,SD,5,S,0,1,2,1,1,buffer,48,12,9,9,10,10,70,36,Rolling,Metal Beam Barrier,Concrete
"1,821",11,SD,5,S,17,1,2,1,1,buffer,48,12,9,9,10,10,70,36,Rolling,Concrete Barrier,Concrete
"1,822",11,SD,5,S,0,1,2,1,1,buffer,48,12,8,8,10,10,70,36,Rolling,Metal Beam Barrier,Concrete
"1,823",11,SD,5,S,5,1,2,1,3,mix,60,12,12,12,10,10,70,36,Rolling,Concrete Barrier,Concrete
"1,824",11,SD,5,S,1,1,1,0,1,continuous,60,12,8,8,10,10,70,36,Rolling,Metal Beam Barrier,Concrete
"1,825",11,SD,805,N,6,1,2,1,1,buffer,48,12,8,8,10,10,70,42,Flat,Concrete Barrier,Concrete
"1,826",11,SD,805,N,6,1,1,0,2,mix,48,12,8,8,13,10,70,46,Flat,Metal Beam Barrier,Concrete
"1,827",11,SD,805,N,0,1,2,1,1,buffer,60,12,8,8,10,10,70,42,Flat,Concrete Barrier,Concrete
"1,828",11,SD,805,N,3,1,1,0,2,mix,48,12,8,8,13,10,70,46,Flat,Metal Beam Barrier,Concrete
"1,829",11,SD,805,N,45,1,2,1,1,buffer,60,12,8,8,10,10,70,30,Flat,Concrete Barrier,Concrete
"1,830",11,SD,805,N,0,1,2,1,2,mix,48,12,8,8,10,10,70,38,Flat,Concrete Barrier,Concrete
"1,831",11,SD,805,N,45,1,2,1,1,buffer,60,12,8,8,10,10,70,60,Flat,Concrete Barrier,Concrete
"1,832",11,SD,805,N,0,1,1,0,1,continuous,48,12,8,8,13,10,70,46,Flat,Metal Beam Barrier,Concrete
"1,833",11,SD,805,N,0,1,1,0,1,continuous,48,12,8,8,13,10,70,46,Flat,Metal Beam Barrier,Concrete
"1,834",11,SD,805,N,4,1,2,1,2,mix,48,12,8,8,10,10,70,30,Flat,Concrete Barrier,Concrete
"1,835",11,SD,805,N,38,1,2,1,1,buffer,48,12,8,8,8,8,70,42,Flat,Concrete Barrier,Concrete
"1,836",11,SD,805,N,0,1,1,0,1,continuous,48,12,8,8,13,10,70,46,Flat,Metal Beam Barrier,Concrete
"1,837",11,SD,805,N,16,1,2,1,2,mix,48,12,8,8,8,8,70,42,Flat,Concrete Barrier,Concrete
"1,838",11,SD,805,N,18,1,2,1,2,mix,48,12,8,8,10,10,70,30,Flat,Concrete Barrier,Concrete
"1,839",11,SD,805,N,0,1,1,0,1,continuous,48,12,8,8,13,10,70,46,Flat,Metal Beam Barrier,Concrete
"1,840",11,SD,805,N,27,1,2,1,1,buffer,60,12,8,8,10,10,70,30,Flat,Concrete Barrier,Concrete
"1,841",11,SD,805,N,31,1,2,1,1,buffer,60,12,8,8,10,10,70,60,Flat,Concrete Barrier,Concrete
"1,842",11,SD,805,N,0,1,1,0,1,continuous,60,12,8,8,13,10,70,46,Flat,Metal Beam Barrier,Concrete
"1,843",11,SD,805,N,3,1,1,0,1,continuous,48,12,8,8,13,10,70,46,Flat,Metal Beam Barrier,Concrete
"1,844",11,SD,805,N,11,1,2,1,1,buffer,60,12,8,8,10,10,70,60,Flat,Concrete Barrier,Concrete
"1,845",11,SD,805,N,12,1,2,1,2,mix,48,12,8,8,10,10,70,38,Flat,Concrete Barrier,Concrete
"1,846",11,SD,805,N,0,1,1,0,2,mix,48,12,8,8,10,10,70,42,Flat,Concrete Barrier,Concrete
"1,847",11,SD,805,N,0,1,1,0,1,continuous,60,12,8,8,13,10,70,46,Flat,Metal Beam Barrier,Concrete
"1,848",11,SD,805,N,13,1,2,1,2,mix,48,12,8,8,8,8,70,42,Flat,Concrete Barrier,Concrete
"1,849",11,SD,805,N,6,2,1,0,2,mix,48,12,8,8,13,10,70,46,Flat,Metal Beam Barrier,Concrete
"1,850",11,SD,805,N,0,1,2,1,1,buffer,60,12,8,8,10,10,70,30,Flat,Concrete Barrier,Concrete
"1,851",11,SD,805,N,8,1,1,0,1,continuous,60,12,8,8,13,10,70,46,Flat,Metal Beam Barrier,Concrete
"1,852",11,SD,805,N,12,1,2,1,1,buffer,60,12,8,8,10,10,70,30,Flat,Concrete Barrier,Concrete
"1,853",11,SD,805,N,2,1,1,0,1,continuous,48,12,8,8,13,10,70,46,Flat,Metal Beam Barrier,Concrete
"1,854",11,SD,805,N,3,1,1,0,3,mix,60,12,8,8,13,10,70,46,Flat,Metal Beam Barrier,Concrete
"1,855",11,SD,805,N,4,1,1,0,2,mix,49,12.3,8,8,10,10,70,46,Flat,Metal Beam Barrier,Concrete
"1,856",11,SD,805,N,0,1,1,0,1,continuous,48,12,8,8,13,10,70,46,Flat,Metal Beam Barrier,Concrete
"1,857",11,SD,805,N,8,1,2,1,1,buffer,48,12,8,8,10,10,70,42,Flat,Concrete Barrier,Concrete
"1,858",11,SD,805,N,14,1,1,0,1,continuous,48,12,8,8,13,10,70,46,Flat,Metal Beam Barrier,Concrete
"1,859",11,SD,805,N,11,1,2,1,2,mix,48,12,8,8,10,10,70,42,Flat,Concrete Barrier,Concrete
"1,860",11,SD,805,N,4,1,2,1,2,mix,48,12,8,8,10,10,70,42,Flat,Concrete Barrier,Concrete
"1,861",11,SD,805,N,15,1,2,1,1,buffer,48,12,8,8,10,10,70,30,Flat,Concrete Barrier,Concrete
"1,862",11,SD,805,S,8,1,2,1,1,buffer,60,12,8,8,10,10,70,42,Flat,Concrete Barrier,Concrete
"1,863",11,SD,805,S,3,1,1,0,2,mix,48,12,8,8,10,10,70,30,Flat,Concrete Barrier,Concrete
"1,864",11,SD,805,S,3,1,1,0,2,mix,60,12,8,8,13,10,70,46,Flat,Metal Beam Barrier,Concrete
"1,865",11,SD,805,S,11,1,1,0,2,mix,60,12,8,8,10,10,70,46,Flat,Metal Beam Barrier,Concrete
"1,866",11,SD,805,S,22,1,2,1,1,buffer,48,12,8,8,10,10,70,42,Flat,Concrete Barrier,Concrete
"1,867",11,SD,805,S,2,1,1,0,1,continuous,60,12,8,8,10,10,70,46,Flat,Metal Beam Barrier,Concrete
"1,868",11,SD,805,S,14,1,2,1,1,buffer,60,12,8,8,10,10,70,30,Flat,Concrete Barrier,Concrete
"1,869",11,SD,805,S,17,1,2,1,1,buffer,60,12,8,8,10,10,70,30,Flat,Concrete Barrier,Concrete
"1,870",11,SD,805,S,0,1,2,1,1,buffer,60,12,8,8,10,10,70,30,Flat,Concrete Barrier,Concrete
"1,871",11,SD,805,S,2,1,2,1,1,buffer,48,12,8,8,10,10,70,42,Flat,Concrete Barrier,Concrete
"1,872",11,SD,805,S,19,1,2,1,1,buffer,60,12,8,8,10,10,70,42,Flat,Concrete Barrier,Concrete
"1,873",11,SD,805,S,20,1,1,0,1,continuous,48,12,8,8,13,10,70,46,Flat,Metal Beam Barrier,Concrete
"1,874",11,SD,805,S,20,1,2,1,1,buffer,60,12,8,8,10,10,70,30,Flat,Concrete Barrier,Concrete
"1,875",11,SD,805,S,0,1,2,1,1,buffer,60,12,8,8,10,10,70,42,Flat,Concrete Barrier,Concrete
"1,876",11,SD,805,S,4,2,1,0,3,mix,60,12,8,8,13,10,70,46,Flat,Metal Beam Barrier,Concrete
"1,877",11,SD,805,S,6,1,1,0,1,continuous,48,12,8,8,13,10,70,46,Flat,Metal Beam Barrier,Concrete
"1,878",11,SD,805,S,3,1,2,1,1,buffer,60,12,8,8,10,10,70,42,Flat,Concrete Barrier,Concrete
"1,879",11,SD,805,S,8,1,2,1,1,buffer,60,12,8,8,10,10,70,30,Flat,Concrete Barrier,Concrete
"1,880",11,SD,805,S,9,1,2,1,2,mix,48,12,8,8,10,10,70,30,Flat,Concrete Barrier,Concrete
"1,881",11,SD,805,S,13,1,1,0,1,continuous,60,12,8,8,13,10,70,46,Flat,Metal Beam Barrier,Concrete
"1,882",11,SD,805,S,13,1,2,1,1,buffer,48,12,8,8,10,10,70,42,Flat,Concrete Barrier,Concrete
"1,883",11,SD,805,S,17,1,2,1,2,mix,48,12,8,8,10,10,70,38,Flat,Concrete Barrier,Concrete