FID,District,County,Route,Direction,Accidents,Lanes,Access1,Limited,AccessNum,AccessType,RoadWidth,LaneWidth,InnerShoulderWidth,InnerShoulderTreatedWidth,OuterShoulderWidth,OuterShoulderTreatedWidth,DesignSpeedLimit,InnerMedianWidth,Terrain,Barrier,Surface
"2,284",12,ORA,91,E,11,1,1,0,1,continuous,48,12,11,11,10,10,70,22,Flat,Concrete Barrier,Bridge Deck
"2,285",12,ORA,91,E,17,1,1,0,1,continuous,48,12,10,10,10,10,70,22,Flat,Concrete Barrier,Concrete
"2,286",12,ORA,91,E,38,1,1,0,1,continuous,44,11,2,2,8,8,70,14,Flat,Concrete Barrier,Concrete
"2,287",12,ORA,91,E,39,1,2,1,4,mix,36,12,0,0,8,8,70,22,Flat,Concrete Barrier,Concrete
"2,288",12,ORA,91,E,5,1,1,0,1,continuous,44,11,2,2,8,8,70,14,Flat,Concrete Barrier,Concrete
"2,289",12,ORA,91,E,12,1,1,0,1,continuous,44,11,2,2,8,8,70,14,Flat,Concrete Barrier,Concrete
"2,290",12,ORA,91,E,19,1,1,0,1,continuous,36,12,0,0,8,8,70,22,Flat,Concrete Barrier,Concrete
"2,291",12,ORA,91,E,7,1,1,0,2,mix,56,11.2,2,2,10,10,70,6,Flat,Concrete Barrier,Concrete
"2,292",12,ORA,91,E,0,1,1,0,1,continuous,44,11,2,2,8,8,70,14,Flat,Concrete Barrier,Concrete
"2,293",12,ORA,91,E,36,1,1,0,1,continuous,36,12,0,0,8,8,70,22,Flat,Concrete Barrier,Concrete
"2,294",12,ORA,91,E,0,1,1,0,1,continuous,49,12.3,4,4,10,10,70,10,Flat,Concrete Barrier,Bridge Deck
"2,295",12,ORA,91,E,9,1,2,1,4,mix,44,11,4,4,8,8,70,14,Flat,Concrete Barrier,Concrete
"2,296",12,ORA,91,E,37,1,1,0,1,continuous,61,12.2,3,3,10,10,70,20,Flat,Concrete Barrier,Concrete
"2,297",12,ORA,91,E,23,1,1,0,1,continuous,36,12,0,0,8,8,70,22,Flat,Concrete Barrier,Concrete
"2,298",12,ORA,91,E,5,1,1,0,2,mix,48,12,11,11,10,10,70,22,Flat,Concrete Barrier,Concrete
"2,299",12,ORA,91,E,0,1,1,0,1,continuous,48,12,11,11,10,10,70,22,Flat,Concrete Barrier,Bridge Deck
"2,300",12,ORA,91,W,20,1,1,0,1,continuous,48,12,11,11,10,10,70,22,Flat,Concrete Barrier,Bridge Deck
"2,301",12,ORA,91,W,4,1,2,1,3,mix,24,12,0,0,8,8,70,22,Flat,Concrete Barrier,Concrete
"2,302",12,ORA,91,W,5,1,1,0,1,continuous,73,12.2,4,4,10,10,70,10,Flat,Concrete Barrier,Concrete
"2,303",12,ORA,91,W,8,1,1,0,1,continuous,36,12,0,0,8,8,70,22,Flat,Concrete Barrier,Concrete
"2,304",12,ORA,91,W,0,1,1,0,1,continuous,73,12.2,4,4,10,10,70,10,Flat,Concrete Barrier,Concrete
"2,305",12,ORA,91,W,1,1,1,0,1,continuous,36,12,0,0,8,8,70,22,Flat,Concrete Barrier,Concrete
"2,306",12,ORA,91,W,10,1,1,0,1,continuous,60,12,11,11,10,10,70,22,Flat,Concrete Barrier,Concrete
"2,307",12,ORA,91,W,26,1,1,0,1,continuous,36,12,0,0,8,8,70,22,Flat,Concrete Barrier,Concrete
"2,308",12,ORA,91,W,57,1,1,0,1,continuous,36,12,0,0,8,8,70,22,Flat,Concrete Barrier,Concrete
"2,309",12,ORA,91,W,0,1,2,1,3,mix,36,12,0,0,8,8,70,14,Flat,Concrete Barrier,Concrete
"2,310",12,ORA,91,W,3,1,2,1,1,buffer,36,12,0,0,10,10,70,22,Flat,Metal Beam Barrier,Concrete
"2,311",12,ORA,91,W,26,1,1,0,1,continuous,36,12,0,0,8,8,70,14,Flat,Concrete Barrier,Concrete
"2,312",12,ORA,91,W,4,1,1,0,1,continuous,36,12,0,0,8,8,70,22,Flat,Concrete Barrier,Concrete
"2,313",12,ORA,91,W,41,1,1,0,4,mix,36,12,0,0,10,10,70,22,Flat,Metal Beam Barrier,Concrete
"2,314",12,ORA,91,W,51,1,1,0,1,continuous,36,12,0,0,8,8,70,22,Flat,Concrete Barrier,Concrete
"2,315",12,ORA,91,W,0,1,1,0,1,continuous,36,12,0,0,8,8,70,22,Flat,Concrete Barrier,Concrete
"2,316",12,ORA,91,W,14,1,1,0,1,continuous,48,12,11,11,10,10,70,22,Flat,Concrete Barrier,Bridge Deck
"2,317",12,ORA,91,W,32,1,1,0,1,continuous,48,12,11,11,10,10,70,22,Flat,Concrete Barrier,Concrete
"2,318",12,ORA,91,W,44,1,1,0,1,continuous,48,12,11,11,10,10,70,22,Flat,Concrete Barrier,Bridge Deck
"2,319",12,ORA,91,W,0,1,1,0,1,continuous,48,12,11,11,10,10,70,22,Flat,Concrete Barrier,Bridge Deck
"2,320",12,ORA,91,W,5,1,1,0,1,continuous,36,12,0,0,8,8,70,14,Flat,Concrete Barrier,Concrete
"2,321",12,ORA,91,W,7,1,1,0,1,continuous,61,12.2,15,15,10,10,70,20,Flat,Concrete Barrier,Concrete
"2,322",12,ORA,91,W,17,1,1,0,1,continuous,36,12,0,0,8,8,70,14,Flat,Concrete Barrier,Concrete
"2,323",12,ORA,91,W,29,1,1,0,1,continuous,36,12,0,0,8,8,70,14,Flat,Concrete Barrier,Concrete
"2,324",12,ORA,91,W,20,1,1,0,1,continuous,48,12,11,11,10,10,70,22,Flat,Concrete Barrier,Bridge Deck
"2,325",12,ORA,91,W,30,1,1,0,1,continuous,48,12,11,11,10,10,70,22,Flat,Concrete Barrier,Bridge Deck
"2,326",12,ORA,91,W,0,1,1,0,1,continuous,36,12,0,0,8,8,70,14,Flat,Concrete Barrier,Concrete
"2,327",12,ORA,91,W,0,1,1,0,2,mix,60,12,11,11,8,8,70,22,Flat,Concrete Barrier,Concrete
"2,328",12,ORA,91,W,6,1,1,0,1,continuous,36,12,0,0,8,8,70,14,Flat,Concrete Barrier,Concrete
"2,329",12,ORA,91,W,7,1,1,0,1,continuous,36,12,10,10,10,10,70,22,Flat,Concrete Barrier,Concrete
"2,330",12,ORA,91,W,1,1,1,0,2,mix,56,11.2,2,2,10,10,70,6,Flat,Concrete Barrier,Concrete
"2,331",12,ORA,91,W,1,1,1,0,1,continuous,36,12,0,0,8,8,70,22,Flat,Concrete Barrier,Concrete
"2,332",12,ORA,91,W,18,1,1,0,2,mix,24,12,0,0,8,8,70,22,Flat,Concrete Barrier,Concrete
"2,333",12,ORA,91,W,0,1,1,0,3,mix,36,12,0,0,8,8,70,22,Flat,Concrete Barrier,Concrete
"2,334",12,ORA,91,W,18,1,1,0,1,continuous,61,12.2,4,4,10,10,70,10,Flat,Concrete Barrier,Concrete
"2,335",12,ORA,405,N,0,1,1,0,2,mix,57,11.4,3,3,10,10,70,18,Flat,Concrete Barrier,Concrete
"2,336",12,ORA,405,N,9,1,1,0,1,continuous,60,12,10,10,10,10,70,48,Flat,No Barriers,Concrete
"2,337",12,ORA,405,N,12,1,2,1,1,buffer,69,11.5,13,13,10,10,70,18,Flat,Concrete Barrier,Concrete
"2,338",12,ORA,405,N,0,2,2,1,2,mix,86,12.3,3,3,10,10,70,8,Flat,Concrete Barrier,Concrete
"2,339",12,ORA,405,N,21,1,2,1,1,buffer,69,11.5,3,3,10,10,70,8,Flat,Concrete Barrier,Concrete
"2,340",12,ORA,405,N,0,1,2,1,1,buffer,62,12.4,3,3,10,10,70,8,Flat,Concrete Barrier,Concrete
"2,341",12,ORA,405,N,1,1,2,1,1,buffer,62,12.4,3,3,0,0,70,8,Flat,Concrete Barrier,Concrete
"2,342",12,ORA,405,N,1,1,2,1,2,mix,86,12.3,3,3,10,10,70,8,Flat,Concrete Barrier,Concrete
"2,343",12,ORA,405,N,3,1,2,1,2,mix,62,12.4,10,10,10,10,70,48,Flat,Concrete Barrier,Concrete
"2,344",12,ORA,405,N,7,1,2,1,2,mix,62,12.4,3,3,10,10,70,8,Flat,Metal Beam Barrier,Concrete
"2,345",12,ORA,405,N,10,1,2,1,1,buffer,74,12.3,8,8,8,8,70,18,Flat,Concrete Barrier,Concrete
"2,346",12,ORA,405,N,0,1,2,1,1,buffer,57,11.4,3,3,10,10,70,8,Flat,Concrete Barrier,Concrete
"2,347",12,ORA,405,N,0,1,2,1,2,mix,74,14.8,10,10,10,10,70,18,Flat,Concrete Barrier,Concrete
"2,348",12,ORA,405,N,135,1,2,1,1,buffer,60,12,5,5,10,10,70,12,Flat,Concrete Barrier,Concrete
"2,349",12,ORA,405,N,0,1,1,0,4,mix,86,12.3,3,3,10,10,70,8,Flat,Concrete Barrier,Concrete
"2,350",12,ORA,405,N,0,1,1,0,2,mix,62,12.4,3,3,0,0,70,8,Flat,Concrete Barrier,Concrete
"2,351",12,ORA,405,N,4,1,2,1,1,buffer,86,12.3,3,3,10,10,70,8,Flat,Concrete Barrier,Concrete
"2,352",12,ORA,405,N,6,1,2,1,1,buffer,72,12,8,8,10,10,70,18,Flat,Concrete Barrier,Concrete
"2,353",12,ORA,405,N,0,2,2,1,2,mix,86,12.3,3,3,10,10,70,8,Flat,Concrete Barrier,Concrete
"2,354",12,ORA,405,N,0,1,1,0,2,mix,62,12.4,3,3,10,10,70,8,Flat,Concrete Barrier,Concrete
"2,355",12,ORA,405,N,12,1,2,1,1,buffer,74,12.3,3,3,10,10,70,8,Flat,Concrete Barrier,Concrete
"2,356",12,ORA,405,N,12,1,2,1,1,buffer,74,14.8,11,11,10,10,70,48,Flat,Concrete Barrier,Concrete
"2,357",12,ORA,405,N,13,2,2,1,3,mix,86,12.3,13,13,10,10,70,8,Flat,Concrete Barrier,Concrete
"2,358",12,ORA,405,N,31,1,2,1,1,buffer,74,14.8,10,10,10,10,70,18,Flat,Concrete Barrier,Concrete
"2,359",12,ORA,405,N,0,1,2,1,1,buffer,62,12.4,3,3,10,10,70,8,Flat,Concrete Barrier,Concrete
"2,360",12,ORA,405,N,0,1,1,0,2,mix,57,11.4,3,3,10,10,70,8,Flat,Concrete Barrier,Concrete
"2,361",12,ORA,405,N,1,1,1,0,2,mix,74,14.8,10,10,10,10,70,18,Flat,Concrete Barrier,Concrete
"2,362",12,ORA,405,N,2,1,1,0,2,mix,62,12.4,3,3,10,10,70,8,Flat,Metal Beam Barrier,Concrete
"2,363",12,ORA,405,N,11,1,2,1,1,buffer,62,12.4,3,3,10,10,70,8,Flat,Concrete Barrier,Concrete
"2,364",12,ORA,405,N,11,1,2,1,1,buffer,62,12.4,13,13,10,10,70,18,Flat,Concrete Barrier,Concrete
"2,365",12,ORA,405,N,19,2,2,1,3,mix,68,11.3,3,3,10,10,70,8,Flat,Concrete Barrier,Concrete
"2,366",12,ORA,405,N,43,1,2,1,1,buffer,62,12.4,3,3,10,10,70,8,Flat,Concrete Barrier,Concrete
"2,367",12,ORA,405,N,0,1,2,1,1,buffer,74,14.8,10,10,10,10,70,18,Flat,Concrete Barrier,Concrete
"2,368",12,ORA,405,N,0,2,2,1,2,mix,86,12.3,3,3,10,10,70,8,Flat,Concrete Barrier,Concrete
"2,369",12,ORA,405,N,1,1,1,0,1,continuous,67,13.4,11,11,10,10,70,36,Flat,Concrete Barrier,Concrete
"2,370",12,ORA,405,N,1,1,1,0,3,mix,74,14.8,11,11,10,10,70,36,Flat,Concrete Barrier,Concrete
"2,371",12,ORA,405,N,2,1,2,1,2,mix,68,11.3,3,3,10,10,70,18,Flat,Concrete Barrier,Concrete
"2,372",12,ORA,405,N,11,2,1,0,3,mix,74,14.8,11,11,10,10,70,48,Flat,Concrete Barrier,Concrete
"2,373",12,ORA,405,N,14,1,2,1,2,mix,48,12,8,8,10,10,70,14,Flat,Concrete Barrier,Concrete
"2,374",12,ORA,405,N,15,1,2,1,3,mix,74,14.8,11,11,10,10,70,48,Flat,Concrete Barrier,Concrete
"2,375",12,ORA,405,N,16,1,2,1,1,buffer,74,14.8,11,11,10,10,70,48,Flat,Concrete Barrier,Concrete
"2,376",12,ORA,405,N,26,2,1,0,1,continuous,86,12.3,3,3,8,8,70,8,Flat,Concrete Barrier,Concrete
"2,377",12,ORA,405,N,32,1,2,1,3,mix,62,12.4,3,3,10,10,70,8,Flat,Concrete Barrier,Concrete
"2,378",12,ORA,405,N,40,2,1,0,2,mix,80,11.4,3,3,10,10,70,8,Flat,Concrete Barrier,Concrete
"2,379",12,ORA,405,N,43,1,2,1,1,buffer,62,12.4,3,3,10,10,70,8,Flat,Concrete Barrier,Concrete
"2,380",12,ORA,405,N,87,2,2,1,1,buffer,68,11.3,3,3,10,10,70,8,Flat,Concrete Barrier,Concrete
"2,381",12,ORA,405,N,0,1,2,1,2,mix,62,12.4,3,3,10,10,70,8,Flat,Concrete Barrier,Concrete
"2,382",12,ORA,405,N,0,1,2,1,1,buffer,69,11.5,13,13,10,10,70,18,Flat,Concrete Barrier,Concrete
"2,383",12,ORA,405,N,0,1,2,1,1,buffer,62,12.4,3,3,10,10,70,8,Flat,Concrete Barrier,Concrete
"2,384",12,ORA,405,N,0,1,2,1,2,mix,62,12.4,10,10,10,10,70,48,Flat,Concrete Barrier,Concrete
"2,385",12,ORA,405,N,0,1,2,1,2,mix,60,12,5,5,10,10,70,12,Flat,Concrete Barrier,Concrete
"2,386",12,ORA,405,N,35,1,2,1,2,mix,86,12.3,3,3,10,10,70,8,Flat,Concrete Barrier,Concrete
"2,387",12,ORA,405,N,0,1,1,0,2,mix,74,14.8,10,10,10,10,70,18,Flat,Concrete Barrier,Concrete
"2,388",12,ORA,405,N,0,1,2,1,2,mix,84,12,8,8,10,10,70,18,Flat,Concrete Barrier,Concrete
"2,389",12,ORA,405,N,1,1,2,1,1,buffer,74,14.8,11,11,10,10,70,36,Flat,Concrete Barrier,Concrete
"2,390",12,ORA,405,N,15,1,2,1,1,buffer,62,12.4,3,3,0,0,70,8,Flat,Concrete Barrier,Concrete
"2,391",12,ORA,405,N,57,1,2,1,1,buffer,74,12.3,3,3,10,10,70,8,Flat,Concrete Barrier,Bridge Deck
"2,392",12,ORA,405,N,0,1,2,1,1,buffer,68,11.3,3,3,10,10,70,18,Flat,Concrete Barrier,Concrete
"2,393",12,ORA,405,N,21,1,1,0,1,continuous,67,13.4,11,11,10,10,70,36,Flat,Concrete Barrier,Concrete
"2,394",12,ORA,405,N,27,1,2,1,1,buffer,62,12.4,3,3,10,10,70,8,Flat,Concrete Barrier,Concrete
"2,395",12,ORA,405,N,28,1,2,1,2,mix,57,11.4,3,3,10,10,70,8,Flat,Concrete Barrier,Concrete
"2,396",12,ORA,405,N,2,1,2,1,2,mix,86,12.3,3,3,10,10,70,8,Flat,Concrete Barrier,Concrete
"2,397",12,ORA,405,N,2,1,2,1,1,buffer,62,12.4,3,3,10,10,70,8,Flat,Concrete Barrier,Concrete
"2,398",12,ORA,405,N,3,1,2,1,1,buffer,74,14.8,11,11,10,10,70,48,Flat,Concrete Barrier,Concrete
"2,399",12,ORA,405,N,14,1,2,1,1,buffer,62,12.4,3,3,10,10,70,8,Flat,Concrete Barrier,Concrete
"2,400",12,ORA,405,N,0,2,1,0,1,continuous,86,12.3,3,3,8,8,70,8,Flat,Concrete Barrier,Concrete
"2,401",12,ORA,405,N,2,1,2,1,1,buffer,74,14.8,10,10,10,10,70,18,Flat,Concrete Barrier,Concrete
"2,402",12,ORA,405,N,3,1,2,1,2,mix,62,12.4,3,3,10,10,70,8,Flat,Concrete Barrier,Concrete
"2,403",12,ORA,405,N,12,1,2,1,1,buffer,57,11.4,3,3,10,10,70,18,Flat,Concrete Barrier,Concrete
"2,404",12,ORA,405,N,12,1,1,0,3,mix,84,12,8,8,10,10,70,18,Flat,Concrete Barrier,Concrete
"2,405",12,ORA,405,N,14,1,2,1,1,buffer,74,12.3,8,8,8,8,70,18,Flat,Concrete Barrier,Concrete
"2,406",12,ORA,405,N,19,1,2,1,3,mix,62,12.4,3,3,10,10,70,8,Flat,Concrete Barrier,Concrete
"2,407",12,ORA,405,N,19,1,1,0,2,mix,74,12.3,3,3,10,10,70,8,Flat,Concrete Barrier,Concrete
"2,408",12,ORA,405,N,57,1,2,1,1,buffer,69,11.5,3,3,10,10,70,8,Flat,Concrete Barrier,Concrete
"2,409",12,ORA,405,N,16,1,2,1,2,mix,62,12.4,3,3,0,0,70,8,Flat,Concrete Barrier,Concrete
"2,410",12,ORA,405,S,2,1,2,1,3,mix,72,14.4,10,10,10,10,70,48,Flat,No Barriers,Concrete
"2,411",12,ORA,405,S,3,2,1,0,1,continuous,86,12.3,3,3,10,10,70,18,Flat,Concrete Barrier,Concrete
"2,412",12,ORA,405,S,10,1,1,0,2,mix,74,12.3,3,3,10,10,70,8,Flat,Concrete Barrier,Bridge Deck
"2,413",12,ORA,405,S,21,1,1,0,3,mix,86,12.3,8,8,10,10,70,18,Flat,Concrete Barrier,Concrete
"2,414",12,ORA,405,S,12,1,2,1,1,buffer,62,12.4,3,3,10,10,70,8,Flat,Concrete Barrier,Concrete
"2,415",12,ORA,405,S,0,1,2,1,3,mix,74,14.8,10,10,10,10,70,48,Flat,Concrete Barrier,Concrete
"2,416",12,ORA,405,S,0,1,1,0,1,continuous,57,11.4,3,3,10,10,70,8,Flat,Concrete Barrier,Concrete
"2,417",12,ORA,405,S,0,1,2,1,2,mix,62,12.4,3,3,10,10,70,8,Flat,Concrete Barrier,Concrete
"2,418",12,ORA,405,S,0,1,2,1,1,buffer,74,12.3,8,8,10,10,70,18,Flat,Concrete Barrier,Concrete
"2,419",12,ORA,405,S,7,1,2,1,3,mix,74,14.8,23,23,10,10,70,48,Flat,Concrete Barrier,Concrete
"2,420",12,ORA,405,S,8,1,2,1,1,buffer,57,11.4,13,13,10,10,70,18,Flat,Concrete Barrier,Concrete
"2,421",12,ORA,405,S,25,1,1,0,2,mix,74,12.3,8,8,10,10,70,18,Flat,Concrete Barrier,Bridge Deck
"2,422",12,ORA,405,S,25,2,2,1,1,buffer,80,11.4,3,3,10,10,70,8,Flat,Concrete Barrier,Concrete
"2,423",12,ORA,405,S,0,1,2,1,1,buffer,86,12.3,3,3,10,10,70,8,Flat,Concrete Barrier,Concrete
"2,424",12,ORA,405,S,0,1,2,1,1,buffer,81,11.6,3,3,10,10,70,18,Flat,Concrete Barrier,Concrete
"2,425",12,ORA,405,S,0,1,2,1,2,mix,62,12.4,3,3,10,10,70,8,Flat,Concrete Barrier,Concrete
"2,426",12,ORA,405,S,1,1,2,1,1,buffer,86,12.3,8,8,2,2,70,8,Flat,Concrete Barrier,Concrete
"2,427",12,ORA,405,S,2,1,2,1,2,mix,86,12.3,3,3,9,9,70,8,Flat,Concrete Barrier,Concrete
"2,428",12,ORA,405,S,4,1,2,1,1,buffer,68,11.3,13,13,10,10,70,18,Flat,Concrete Barrier,Concrete
"2,429",12,ORA,405,S,60,2,1,0,2,mix,80,11.4,3,3,10,10,70,8,Flat,Concrete Barrier,Concrete
"2,430",12,ORA,405,S,73,2,2,1,2,mix,60,12,5,5,10,10,70,12,Flat,Concrete Barrier,Concrete
"2,431",12,ORA,405,S,0,1,2,1,1,buffer,74,14.8,23,23,10,10,70,48,Flat,Concrete Barrier,Concrete
"2,432",12,ORA,405,S,2,1,1,0,4,mix,62,12.4,3,3,10,10,70,8,Flat,Concrete Barrier,Concrete
"2,433",12,ORA,405,S,3,1,2,1,2,mix,62,12.4,10,10,10,10,70,48,Flat,Concrete Barrier,Concrete
"2,434",12,ORA,405,S,9,1,1,0,2,mix,62,12.4,3,3,10,10,70,8,Flat,Concrete Barrier,Concrete
"2,435",12,ORA,405,S,23,1,2,1,1,buffer,57,11.4,3,3,10,10,70,18,Flat,Concrete Barrier,Concrete
"2,436",12,ORA,405,S,32,1,2,1,1,buffer,62,12.4,3,3,0,0,70,8,Flat,Concrete Barrier,Concrete
"2,437",12,ORA,405,S,0,2,1,0,3,mix,74,14.8,10,10,10,10,70,36,Flat,Concrete Barrier,Concrete
"2,438",12,ORA,405,S,22,1,2,1,1,buffer,74,12.3,3,3,10,10,70,8,Flat,Concrete Barrier,Concrete
"2,439",12,ORA,405,S,26,1,2,1,1,buffer,72,12,13,13,10,10,70,18,Flat,Concrete Barrier,Concrete
"2,440",12,ORA,405,S,0,1,2,1,1,buffer,74,12.3,3,3,10,10,70,8,Flat,Concrete Barrier,Concrete
"2,441",12,ORA,405,S,1,1,2,1,1,buffer,62,12.4,3,3,10,10,70,8,Flat,Concrete Barrier,Concrete
"2,442",12,ORA,405,S,2,1,2,1,1,buffer,62,12.4,3,3,10,10,70,8,Flat,Concrete Barrier,Concrete
"2,443",12,ORA,405,S,21,1,2,1,1,buffer,62,12.4,10,10,10,10,70,18,Flat,Concrete Barrier,Concrete
"2,444",12,ORA,405,S,22,1,2,1,1,buffer,62,12.4,3,3,10,10,70,8,Flat,Concrete Barrier,Concrete
"2,445",12,ORA,405,S,25,1,2,1,2,mix,62,12.4,3,3,0,0,70,8,Flat,Concrete Barrier,Concrete
"2,446",12,ORA,405,S,27,1,2,1,1,buffer,62,12.4,3,3,10,10,70,8,Flat,Metal Beam Barrier,Concrete
"2,447",12,ORA,405,S,0,1,2,1,2,mix,62,12.4,10,10,10,10,70,18,Flat,Concrete Barrier,Concrete
"2,448",12,ORA,405,S,0,1,2,1,1,buffer,62,12.4,10,10,10,10,70,48,Flat,Concrete Barrier,Concrete
"2,449",12,ORA,405,S,17,1,2,1,1,buffer,68,11.3,13,13,10,10,70,18,Flat,Concrete Barrier,Concrete
"2,450",12,ORA,405,S,51,1,1,0,2,mix,57,11.4,3,3,10,10,70,8,Flat,Concrete Barrier,Concrete
"2,451",12,ORA,405,S,150,2,2,1,3,mix,86,12.3,3,3,10,10,70,8,Flat,Concrete Barrier,Concrete
"2,452",12,ORA,405,S,0,1,2,1,1,buffer,62,12.4,3,3,10,10,70,8,Flat,Concrete Barrier,Concrete
"2,453",12,ORA,405,S,0,1,2,1,1,buffer,72,12,13,13,10,10,70,18,Flat,Concrete Barrier,Concrete
"2,454",12,ORA,405,S,0,1,2,1,1,buffer,74,14.8,23,23,10,10,70,48,Flat,Concrete Barrier,Concrete
"2,455",12,ORA,405,S,1,1,2,1,2,mix,62,12.4,3,3,0,0,70,8,Flat,Concrete Barrier,Concrete
"2,456",12,ORA,405,S,1,1,1,0,2,mix,62,12.4,3,3,0,0,70,8,Flat,Concrete Barrier,Concrete
"2,457",12,ORA,405,S,15,1,2,1,1,buffer,62,12.4,3,3,0,0,70,8,Flat,Concrete Barrier,Concrete
"2,458",12,ORA,405,S,16,1,2,1,1,buffer,74,14.8,23,23,10,10,70,48,Flat,Concrete Barrier,Concrete
"2,459",12,ORA,405,S,30,1,2,1,2,mix,56,11.2,2,2,0,0,70,14,Flat,Concrete Barrier,Concrete
"2,460",12,ORA,405,S,8,1,2,1,3,mix,62,12.4,3,3,10,10,70,8,Flat,Concrete Barrier,Concrete
"2,461",12,ORA,405,S,12,1,1,0,2,mix,62,12.4,3,3,10,10,70,8,Flat,Concrete Barrier,Concrete
"2,462",12,ORA,405,S,0,1,2,1,2,mix,62,12.4,3,3,10,10,70,8,Flat,Concrete Barrier,Concrete
"2,463",12,ORA,405,S,0,1,2,1,2,mix,60,12,5,5,10,10,70,12,Flat,Concrete Barrier,Concrete
"2,464",12,ORA,405,S,7,2,1,0,2,mix,74,14.8,23,23,10,10,70,48,Flat,Concrete Barrier,Concrete
"2,465",12,ORA,405,S,18,1,2,1,2,mix,74,12.3,8,8,10,10,70,18,Flat,Concrete Barrier,Concrete
"2,466",12,ORA,405,S,20,1,2,1,2,mix,57,11.4,3,3,10,10,70,8,Flat,Concrete Barrier,Concrete
"2,467",12,ORA,405,S,0,1,2,1,2,mix,62,12.4,3,3,10,10,70,8,Flat,Concrete Barrier,Concrete
"2,468",12,ORA,405,S,3,2,2,1,2,mix,86,12.3,3,3,10,10,70,8,Flat,Concrete Barrier,Concrete
"2,469",12,ORA,405,S,13,1,2,1,3,mix,86,12.3,8,8,10,10,70,18,Flat,Concrete Barrier,Concrete
"2,470",12,ORA,405,S,0,1,2,1,1,buffer,57,11.4,3,3,10,10,70,18,Flat,Concrete Barrier,Concrete
"2,471",12,ORA,405,S,0,1,2,1,1,buffer,81,11.6,3,3,10,10,70,18,Flat,Concrete Barrier,Concrete
"2,472",12,ORA,405,S,0,1,1,0,2,mix,62,12.4,10,10,10,10,70,18,Flat,Concrete Barrier,Concrete
"2,473",12,ORA,405,S,1,1,2,1,1,buffer,60,12,10,10,10,10,70,64,Flat,No Barriers,Concrete
"2,474",12,ORA,405,S,3,2,2,1,3,mix,86,12.3,3,3,10,10,70,8,Flat,Concrete Barrier,Concrete
"2,475",12,ORA,405,S,7,1,2,1,1,buffer,74,14.8,10,10,10,10,70,36,Flat,Concrete Barrier,Concrete
"2,476",12,ORA,405,S,19,1,2,1,2,mix,86,12.3,3,3,10,10,70,8,Flat,Concrete Barrier,Concrete
"2,477",12,ORA,405,S,0,1,1,0,1,continuous,74,12.3,8,8,10,10,70,18,Flat,Concrete Barrier,Concrete
"2,478",12,ORA,405,S,1,1,2,1,1,buffer,62,12.4,3,3,10,10,70,8,Flat,Concrete Barrier,Concrete
"2,479",12,ORA,405,S,11,1,1,0,2,mix,74,12.3,3,3,10,10,70,8,Flat,Concrete Barrier,Concrete
"2,480",12,ORA,405,S,1,1,2,1,1,buffer,74,14.8,10,10,10,10,70,48,Flat,Concrete Barrier,Concrete
"2,481",12,ORA,405,S,3,2,2,1,3,mix,92,11.5,3,3,10,10,70,8,Flat,Concrete Barrier,Concrete
"2,482",12,ORA,405,S,3,2,2,1,3,mix,86,12.3,8,8,2,2,70,8,Flat,Concrete Barrier,Concrete
"2,483",12,ORA,405,S,0,2,1,0,1,continuous,86,12.3,3,3,10,10,70,18,Flat,Concrete Barrier,Concrete
"2,484",12,ORA,405,S,7,1,1,0,2,mix,57,11.4,3,3,10,10,70,8,Flat,Concrete Barrier,Concrete
"2,485",12,ORA,405,S,12,1,1,0,2,mix,62,12.4,3,3,10,10,70,8,Flat,Concrete Barrier,Concrete